filename	,Document Object
AAAWNA	,C2
AAUVHC	,C3
ABBABC	,C3
ABBABD	,C3
ABBABE	,C3
ABBABF	,C3
ABBACE	,C3
ABBADF	,C3
ABBAGH	,C3
ABBAJL	,C3
ABBAMN	,C3
ABBAOP	,C3
ABBAWZ	,C3
ABBAXT	,C3
ABCDEF	,C3
ABCIKL	,C3
ABCVWX	,C3
ABCYZT	,C3
ABDEFG	,C3
ABDKLM	,C3
ABDNOP	,C3
ABDQRS	,C3
ABFGHI	,C3
ABFJKL	,C3
ABFPQR	,C3
ABFSTU	,C3
ABGDEF	,C3
ABGJKL	,C3
ABGMNO	,C3
ABGSTU	,C3
ABGWNS	,C3
ABGYZM	,C3
ABGZHI	,C3
ABHCDE	,C3
ABHIJK	,C3
ABHLMN	,C3
ABHOPQ	,C3
ABHRST	,C3
ABHUVW	,C3
ABHZMQ	,C3
ABJFHG	,C3
ABJJKI	,C3
ABJYWX	,C3
ABKUSK	,C2
ABNCHO	,C3
ABNEHY	,C2
ABNLLD	,C5
ABQMUD	,C3
ABRKJX	,C1
ABZTCE	,C3
ACHFIO	,C3
ACINEY	,C3
ACKIXV	,C4
ACKPDI	,C1
ACKPDN	,C1
ACPWXB	,C2
ACZGHY	,C3
ACZRNC	,C3
ADBCUS	,C2
ADIMLE	,C4
ADMUSU	,C2
ADPPZZ	,C2
ADVREX	,C2
AEJBUQ	,C1
AELVCW	,C2
AEOIII	,C2
AESXJP	,C2
AEWAJW	,C2
AFBICX	,C2
AFEGGM	,C2
AFGHIJ	,C1
AFGHIL	,C1
AFGHIM	,C1
AFGHIN	,C1
AFGHJK	,C1
AFGIJK	,C1
AFGIJL	,C1
AFGIJM	,C1
AFGIJN	,C1
AFGIKL	,C1
AFGIKM	,C1
AFGIKN	,C1
AFGILM	,C1
AFGILN	,C1
AFGIMN	,C1
AFGJKL	,C1
AFGJKM	,C1
AFGJKN	,C1
AFGJLM	,C1
AFGJLN	,C1
AFGJMN	,C1
AFGKLN	,C1
AFGKMN	,C1
AFGLMN	,C1
AFHIJK	,C1
AFHIJL	,C1
AFHIJM	,C1
AFHIJN	,C1
AFHIKL	,C1
AFHIKM	,C1
AFHIKN	,C1
AFHILM	,C1
AFHILN	,C1
AFHJKL	,C1
AFHJKM	,C1
AFHJLM	,C1
AFHJLN	,C1
AFHJMN	,C1
AFHKLM	,C1
AFHKLN	,C1
AFHKMN	,C1
AFHLMN	,C1
AFIJKL	,C1
AFIJKM	,C1
AFIJKN	,C1
AFIJLN	,C1
AFIJMN	,C1
AFIKLM	,C1
AFIKLN	,C1
AFIKMN	,C1
AFILMN	,C1
AFJKLM	,C1
AFJKMN	,C1
AFJLMN	,C1
AFKLMN	,C1
AFKULR	,C2
AFLDPS	,C2
AGAQZN	,C1
AGHIJK	,C1
AGHIJL	,C1
AGHIKM	,C1
AGHIKN	,C1
AGHILM	,C1
AGHJKM	,C1
AGHJKN	,C1
AGHJLM	,C1
AGHJLN	,C1
AGHKLM	,C1
AGHKMN	,C1
AGIJKL	,C1
AGIJKM	,C1
AGIJKN	,C1
AGIJLM	,C1
AGIJLN	,C1
AGIJMN	,C1
AGIKLM	,C1
AGIKLN	,C1
AGIKMN	,C1
AGILMN	,C1
AGJKLM	,C1
AGJKLN	,C1
AGJKMN	,C1
AGJLMN	,C1
AGKLMN	,C1
AGPFIY	,C2
AGVSQF	,C2
AGVVUW	,C2
AHCKDI	,C1
AHCKDN	,C1
AHCKIN	,C1
AHCKPN	,C1
AHCPDI	,C1
AHCPDN	,C1
AHCPIN	,C1
AHCQBF	,C2
AHEMNY	,C1
AHHIVP	,C2
AHIJKL	,C1
AHIJKM	,C1
AHIJKN	,C1
AHIJLM	,C1
AHIJLN	,C1
AHIJMN	,C1
AHIKLM	,C1
AHIKLN	,C1
AHIKMN	,C1
AHILMN	,C1
AHJKLM	,C1
AHJKLN	,C1
AHJKMN	,C1
AHJLMN	,C1
AHKDIN	,C1
AHKLMN	,C1
AHKPDI	,C1
AHKPIN	,C1
AHPUVM	,C2
AHSNGO	,C1
AHXSOX	,C4
AHYOFR	,C2
AIDWLU	,C2
AIFGME	,C2
AIGDTW	,C2
AIJKLM	,C1
AIJKLN	,C1
AIJKMN	,C1
AIJLMN	,C1
AIKLMN	,C1
AITPYK	,C3
AIWILD	,C2
AIXDAG	,C2
AIYOBB	,C2
AIZRNC	,C2
AJBSRI	,C3
AJCZHI	,C3
AJKLMN	,C1
AJRTHO	,C2
AJWQKU	,C2
AKFCUK	,C3
AKJDEI	,C4
AKMOUU	,C2
AKPDIN	,C1
ALDRNB	,C4
ALEOZB	,C2
ALKYND	,C3
ALXLEI	,C4
AMEZGN	,C2
AMGNZQ	,C2
AMKXKM	,C3
AMNDMI	,C3
AMNGVF	,C1
AMPLOB	,C3
AMTVSV	,C3
ANMGMO	,C2
ANNVEX	,C4
ANQPAV	,C1
ANUOBI	,C2
ANVBCH	,C2
ANZAYI	,C2
AOCFGY	,C2
AOHNEF	,C3
AOJEUT	,C2
AOQCNX	,C4
AOUQQL	,C3
AOXPPM	,C2
APWIHX	,C3
AQDDSH	,C2
AQMSJA	,C2
AQWCBW	,C1
AQYPPI	,C3
AQZHCB	,C2
ARBKFE	,C3
ARBXCK	,C2
ARCPYE	,C2
ARDSTU	,C3
ARDWXV	,C3
ARFOUM	,C3
ARNKST	,C3
ARNKWZ	,C3
ARNZFM	,C3
ARNZMT	,C3
ARNZPQ	,C3
ARNZSO	,C3
AROEKI	,C3
AROLEZ	,C1
ARQPOS	,C1
ARTBMP	,C3
ARTHCE	,C3
ARTJMN	,C3
ARUBJQ	,C2
ARYDVV	,C3
ASCKDI	,C1
ASCKDN	,C1
ASCKIN	,C1
ASCKPD	,C1
ASCKPI	,C1
ASCPDI	,C1
ASCPDN	,C1
ASCPIN	,C1
ASHCDI	,C1
ASHCIN	,C1
ASHCKD	,C1
ASHCKN	,C1
ASHCPD	,C1
ASHCPN	,C1
ASHDIN	,C1
ASHKDN	,C1
ASHKIN	,C1
ASHKPD	,C1
ASHKPI	,C1
ASHKPN	,C1
ASKAJS	,C2
ASKPDI	,C1
ASKPDN	,C1
ASKPIN	,C1
ASMFPS	,C5
ASPDIN	,C1
ASQCPG	,C3
ASVZZY	,C3
ATHSIP	,C3
ATJFNG	,C1
ATJKFG	,C1
ATJKFN	,C1
ATJKNG	,C1
ATKFNG	,C1
ATLLYF	,C2
ATMBZR	,C3
ATNQFJ	,C1
ATODGV	,C2
ATUFNG	,C1
ATUJKF	,C1
ATUJKN	,C1
ATUJNG	,C1
ATUKFG	,C1
ATUKFN	,C1
ATUKNG	,C1
ATUVFG	,C1
ATUVFN	,C1
ATUVJF	,C1
ATUVJG	,C1
ATUVJK	,C1
ATUVJN	,C1
ATUVKF	,C1
ATUVKG	,C1
ATUVKN	,C1
ATUVNG	,C1
ATUVWF	,C1
ATUVWG	,C1
ATUVWJ	,C1
ATUVWK	,C1
ATUVWN	,C1
ATUWFG	,C1
ATUWFN	,C1
ATUWJF	,C1
ATUWJG	,C1
ATUWJK	,C1
ATUWJN	,C1
ATUWKG	,C1
ATUWKN	,C1
ATUWNG	,C1
ATVJFG	,C1
ATVJFN	,C1
ATVJKF	,C1
ATVJKG	,C1
ATVJKN	,C1
ATVJNG	,C1
ATVKFG	,C1
ATVKFN	,C1
ATVKNG	,C1
ATVWFG	,C1
ATVWFN	,C1
ATVWJF	,C1
ATVWJK	,C1
ATVWJN	,C1
ATVWKG	,C1
ATVWKN	,C1
ATVWNG	,C1
ATWFNG	,C1
ATWJFG	,C1
ATWJFN	,C1
ATWJKF	,C1
ATWJKG	,C1
ATWJKN	,C1
ATWKFG	,C1
ATWKNG	,C1
ATXHRZ	,C3
AUAHJL	,C5
AUJKFN	,C1
AULAJP	,C2
AUPEAS	,C2
AUTBFU	,C3
AUVFNG	,C1
AUVHNY	,C3
AUVJFG	,C1
AUVJKF	,C1
AUVJKG	,C1
AUVKFN	,C1
AUVKNG	,C1
AUVWJF	,C1
AUVWJG	,C1
AUVWJK	,C1
AUVWJN	,C1
AUVWKF	,C1
AUVWNG	,C1
AUWFNG	,C1
AUWJFN	,C1
AUWJKG	,C1
AUWJKN	,C1
AUWJNG	,C1
AUWKNG	,C1
AUXWIU	,C2
AVBZOK	,C2
AVJKFG	,C1
AVJKFN	,C1
AVWFNG	,C1
AVWJFG	,C1
AVWJFN	,C1
AVWJKG	,C1
AVWJKN	,C1
AVWKFG	,C1
AVWKFN	,C1
AWEJTX	,C2
AWGVUA	,C4
AWJFNG	,C1
AWJKFG	,C1
AWJKFN	,C1
AWJKNG	,C1
AWKFNG	,C1
AWQPOS	,C1
AWRPOS	,C1
AWRQOS	,C3
AWRQPO	,C1
AWRQPS	,C1
AXQPOS	,C1
AXRPOS	,C1
AXRQOS	,C1
AXRQPO	,C1
AXRQPS	,C1
AXSGWU	,C3
AXTMFR	,C2
AXWPOS	,C1
AXWQPO	,C1
AXWQPS	,C1
AXWROS	,C1
AXWRPO	,C1
AXWRPS	,C1
AXWRQO	,C1
AXWRQP	,C1
AXWRQS	,C1
AYATLB	,C2
AYJYUT	,C5
AYNHOJ	,C3
AYPDCW	,C4
AYQPOS	,C1
AYRPOS	,C1
AYRQOS	,C1
AYRQPO	,C1
AYRQPS	,C1
AYWQPO	,C1
AYWQPS	,C1
AYWROS	,C1
AYWRPO	,C1
AYWRPS	,C1
AYWRQO	,C1
AYWRQP	,C1
AYWRQS	,C1
AYXQOS	,C1
AYXQPS	,C1
AYXROS	,C1
AYXRQP	,C1
AYXRQS	,C1
AYXWOS	,C1
AYXWQP	,C1
AYXWQS	,C1
AYXWRO	,C1
AYXWRP	,C1
AYXWRQ	,C1
AYXWRS	,C1
AZBAUP	,C2
AZCDIN	,C1
AZCKDI	,C1
AZCKIN	,C1
AZCKPD	,C1
AZCKPI	,C1
AZCKPN	,C1
AZCPDN	,C1
AZCPIN	,C1
AZDBKE	,C1
AZHCDI	,C1
AZHCIN	,C1
AZHCKD	,C1
AZHCKN	,C1
AZHCKP	,C1
AZHCPD	,C1
AZHCPI	,C1
AZHCPN	,C1
AZHDIN	,C1
AZHKDI	,C1
AZHKDN	,C1
AZHKIN	,C1
AZHKPD	,C1
AZHKPI	,C1
AZHKPN	,C1
AZHPDI	,C1
AZHPDN	,C1
AZJBOL	,C3
AZJUSI	,C4
AZKDIN	,C1
AZKPIN	,C1
AZPDIN	,C1
AZQJIV	,C5
AZQPOS	,C1
AZRPOS	,C1
AZRQOS	,C1
AZRQPS	,C1
AZSCDN	,C1
AZSCIN	,C1
AZSCKD	,C1
AZSCKI	,C1
AZSCKP	,C1
AZSCPD	,C1
AZSCPI	,C1
AZSCPN	,C1
AZSDIN	,C1
AZSHCD	,C1
AZSHCI	,C1
AZSHCN	,C1
AZSHCP	,C1
AZSHDI	,C1
AZSHDN	,C1
AZSHIN	,C1
AZSHKI	,C1
AZSHKN	,C1
AZSHKP	,C1
AZSHPD	,C1
AZSHPI	,C1
AZSHPN	,C1
AZSKDI	,C1
AZSKDN	,C1
AZSKPD	,C1
AZSKPN	,C1
AZSPDI	,C1
AZSPDN	,C1
AZSPIN	,C1
AZWPOS	,C1
AZWQOS	,C1
AZWQPO	,C1
AZWQPS	,C1
AZWROS	,C1
AZWRPS	,C1
AZWRQO	,C1
AZWRQP	,C1
AZWRQS	,C1
AZXPOS	,C1
AZXQOS	,C1
AZXQPO	,C1
AZXQPS	,C1
AZXROS	,C1
AZXRPO	,C1
AZXRQO	,C1
AZXRQP	,C1
AZXRQS	,C1
AZXWOS	,C1
AZXWPO	,C1
AZXWPS	,C1
AZXWQO	,C1
AZXWQP	,C1
AZXWQS	,C1
AZXWRO	,C1
AZXWRP	,C1
AZXWRQ	,C1
AZYPOS	,C1
AZYQOS	,C1
AZYQPO	,C1
AZYQPS	,C1
AZYROS	,C1
AZYRPO	,C1
AZYRQO	,C1
AZYRQP	,C1
AZYRQS	,C1
AZYWOS	,C1
AZYWQO	,C1
AZYWQP	,C1
AZYWRO	,C1
AZYWRP	,C1
AZYWRQ	,C1
AZYWRS	,C1
AZYXOS	,C1
AZYXPO	,C1
AZYXPS	,C1
AZYXQO	,C1
AZYXQP	,C1
AZYXQS	,C1
AZYXRO	,C1
AZYXRP	,C1
AZYXRQ	,C1
AZYXRS	,C1
AZYXWO	,C1
AZYXWP	,C2
BAHSNL	,C1
BANEIW	,C3
BAQQMY	,C2
BATWGA	,C2
BAUNUA	,C2
BAUVOT	,C2
BAWGEL	,C2
BAWNVE	,C3
BBADBY	,C2
BCFJCD	,C3
BCHZZR	,C1
BCWMNE	,C2
BCYYQX	,C2
BDCSBR	,C4
BDEFGA	,C2
BDEFGP	,C2
BDEFPA	,C2
BDEFSA	,C2
BDEFSG	,C2
BDEFSP	,C2
BDEGPA	,C2
BDESGA	,C2
BDESGP	,C2
BDESPA	,C2
BDEWFA	,C2
BDEWFG	,C2
BDEWFP	,C2
BDEWFS	,C1
BDEWGA	,C2
BDEWGP	,C2
BDEWPA	,C2
BDEWSA	,C2
BDEWSG	,C2
BDEWSP	,C2
BDFGPA	,C2
BDFSGA	,C2
BDFSGP	,C2
BDFSIO	,C2
BDFSPA	,C2
BDHTEM	,C2
BDIQAT	,C3
BDJDXB	,C2
BDKQKC	,C2
BDLUXY	,C2
BDLVOA	,C4
BDREFA	,C2
BDREFG	,C2
BDREFP	,C2
BDREFS	,C2
BDREGA	,C2
BDREGP	,C2
BDREPA	,C2
BDRESA	,C2
BDRESG	,C2
BDRESP	,C2
BDREWA	,C2
BDREWF	,C2
BDREWG	,C2
BDREWP	,C2
BDREWS	,C2
BDRFGA	,C2
BDRFGP	,C2
BDRFPA	,C2
BDRFSA	,C2
BDRFSG	,C2
BDRFSP	,C2
BDRGPA	,C2
BDRSGA	,C2
BDRSGP	,C2
BDRSPA	,C2
BDRWFA	,C2
BDRWFG	,C2
BDRWFP	,C2
BDRWFS	,C2
BDRWGA	,C2
BDRWGP	,C2
BDRWPA	,C2
BDRWSA	,C2
BDRWSG	,C2
BDRWSP	,C2
BDSGPA	,C2
BDWFGA	,C2
BDWFGP	,C2
BDWFPA	,C2
BDWFSG	,C2
BDWFSP	,C2
BDWGHF	,C2
BDWGPA	,C2
BDWSGA	,C2
BDWSGP	,C2
BDWSPA	,C2
BEAQZQ	,C4
BEEHES	,C2
BEFGPA	,C2
BEFSGA	,C2
BEFSGP	,C2
BEFSPA	,C2
BEKRTH	,C2
BENYXX	,C3
BESEHC	,C1
BEUYBB	,C4
BEWFGA	,C2
BEWFGP	,C2
BEWFPA	,C2
BEWFSA	,C2
BEWFSG	,C2
BEWFSP	,C2
BEWGPA	,C2
BEWSGA	,C2
BEWSGP	,C2
BEWSPA	,C2
BEWSPG	,C2
BEZHSZ	,C3
BFGHIJ	,C2
BFGHIK	,C2
BFGHIO	,C2
BFGHIP	,C2
BFGHIQ	,C2
BFGHJK	,C2
BFGHJO	,C2
BFGHJP	,C2
BFGHJQ	,C2
BFGHKO	,C2
BFGHKP	,C2
BFGHKQ	,C2
BFGHOP	,C2
BFGHOQ	,C2
BFGHPQ	,C2
BFGIJK	,C2
BFGIJO	,C2
BFGIJP	,C2
BFGIJQ	,C2
BFGIKO	,C2
BFGIKP	,C2
BFGIKQ	,C2
BFGIOP	,C2
BFGIOQ	,C2
BFGIPQ	,C2
BFGJKO	,C2
BFGJKP	,C2
BFGJKQ	,C2
BFGJOP	,C2
BFGJOQ	,C2
BFGJPQ	,C2
BFGKOP	,C2
BFGKOQ	,C2
BFGKPQ	,C2
BFGOPQ	,C2
BFHACZ	,C2
BFHIJK	,C2
BFHIJO	,C2
BFHIJP	,C2
BFHIJQ	,C2
BFHIKO	,C2
BFHIKP	,C2
BFHIKQ	,C2
BFHIOP	,C2
BFHIOQ	,C2
BFHIPQ	,C2
BFHJKO	,C2
BFHJKP	,C2
BFHJKQ	,C2
BFHJOP	,C2
BFHJOQ	,C2
BFHJPQ	,C2
BFHKOP	,C2
BFHKOQ	,C2
BFHKPQ	,C2
BFHMVQ	,C2
BFHOPQ	,C2
BFHQEF	,C2
BFHRMQ	,C2
BFHRMV	,C2
BFHRVQ	,C2
BFHZMQ	,C2
BFHZMV	,C2
BFHZRM	,C2
BFHZRQ	,C2
BFHZRV	,C2
BFHZVQ	,C2
BFIHMQ	,C2
BFIHMV	,C2
BFIHRM	,C2
BFIHRV	,C2
BFIHVQ	,C2
BFIHZM	,C2
BFIHZQ	,C2
BFIHZR	,C2
BFIHZV	,C2
BFIJOP	,C2
BFIJOQ	,C2
BFIJPQ	,C2
BFIKOP	,C2
BFIKOQ	,C2
BFIKPQ	,C2
BFIMVQ	,C2
BFIOPQ	,C2
BFIRMQ	,C2
BFIRMV	,C2
BFIRVQ	,C2
BFIVPU	,C2
BFIZMQ	,C2
BFIZMV	,C2
BFIZRM	,C2
BFIZRQ	,C2
BFIZRV	,C2
BFIZVQ	,C2
BFJIRV	,C2
BFJKOP	,C2
BFJKOQ	,C2
BFJKPQ	,C2
BFJOPQ	,C2
BFKOPQ	,C2
BFRMVQ	,C2
BFSGPA	,C2
BFSUHA	,C3
BFYPCJ	,C4
BFZMVQ	,C2
BFZRMQ	,C2
BFZRMV	,C2
BFZRVQ	,C2
BGAWJG	,C2
BGAYQV	,C1
BGFHMQ	,C2
BGFHMV	,C2
BGFHRM	,C2
BGFHRV	,C2
BGFHVQ	,C2
BGFHZM	,C2
BGFHZR	,C2
BGFHZV	,C2
BGFIHM	,C2
BGFIHQ	,C2
BGFIHR	,C2
BGFIHV	,C2
BGFIHZ	,C2
BGFIMQ	,C2
BGFIMV	,C2
BGFIRM	,C2
BGFIRQ	,C2
BGFIRV	,C2
BGFIZM	,C2
BGFIZR	,C2
BGFIZV	,C2
BGFMVQ	,C2
BGFRMQ	,C2
BGFRMV	,C2
BGFRVQ	,C2
BGFZMV	,C2
BGFZRQ	,C2
BGFZRV	,C2
BGFZVQ	,C2
BGHIJK	,C2
BGHIJO	,C2
BGHIKQ	,C2
BGHIOP	,C2
BGHIOQ	,C2
BGHIPQ	,C2
BGHJKO	,C2
BGHJKP	,C2
BGHJKQ	,C2
BGHJOP	,C2
BGHJOQ	,C2
BGHJPQ	,C2
BGHKOP	,C2
BGHKOQ	,C2
BGHKPQ	,C2
BGHMVQ	,C2
BGHOPQ	,C2
BGHRMQ	,C2
BGHRMV	,C2
BGHRVQ	,C2
BGHZMQ	,C2
BGHZRM	,C2
BGHZRV	,C2
BGHZVQ	,C2
BGIHMQ	,C2
BGIHMV	,C2
BGIHRM	,C2
BGIHRQ	,C2
BGIHRV	,C2
BGIHVQ	,C2
BGIHZM	,C2
BGIHZQ	,C2
BGIHZR	,C2
BGIHZV	,C2
BGIJKO	,C2
BGIJPQ	,C2
BGIKOP	,C2
BGIKOQ	,C2
BGIKPQ	,C2
BGIMVQ	,C2
BGIOPQ	,C2
BGIRMQ	,C2
BGIRMV	,C2
BGIRVQ	,C2
BGIZMQ	,C2
BGIZMV	,C2
BGIZRM	,C2
BGIZRQ	,C2
BGIZVQ	,C2
BGJKOP	,C2
BGJKOQ	,C2
BGJKPQ	,C2
BGJOPQ	,C2
BGKOPQ	,C2
BGMYTI	,C2
BGRKPX	,C1
BGRMVQ	,C2
BGXUKC	,C3
BGZMVQ	,C2
BGZRMQ	,C2
BGZRMV	,C2
BGZRVQ	,C2
BHIIAV	,C2
BHIJKO	,C2
BHIJKP	,C2
BHIJKQ	,C2
BHIJOP	,C2
BHIJOQ	,C2
BHIJPQ	,C2
BHIKOP	,C2
BHIKOQ	,C2
BHIKPQ	,C2
BHIOPQ	,C2
BHKOPQ	,C2
BHNQFL	,C2
BHRMVQ	,C2
BHUSCS	,C2
BHZHBT	,C5
BHZMVQ	,C2
BHZRMQ	,C2
BHZRMV	,C2
BHZRVQ	,C2
BIEEPO	,C2
BIHMVQ	,C2
BIHRMQ	,C2
BIHRMV	,C2
BIHRVQ	,C2
BIHZMQ	,C2
BIHZMV	,C2
BIHZRM	,C2
BIHZRQ	,C2
BIHZRV	,C2
BIHZVQ	,C2
BIJKOP	,C2
BIJKOQ	,C2
BIJKPQ	,C2
BIKOPQ	,C2
BILLRI	,C2
BIRCHR	,C2
BISNAR	,C3
BIVUUN	,C3
BIZMVQ	,C2
BIZRMQ	,C2
BIZRMV	,C2
BIZRVQ	,C2
BJAPOA	,C1
BJBVPQ	,C2
BJIIVJ	,C2
BJKOPQ	,C2
BJTAVM	,C1
BJUUDI	,C2
BJZQMF	,C4
BKBBMD	,C2
BKCPJX	,C2
BKNSNF	,C3
BKSGVE	,C3
BKWPGJ	,C2
BLBZKK	,C3
BLOKHG	,C2
BLRLCO	,C2
BLVEUY	,C4
BMLUGA	,C4
BMNTVR	,C2
BMNTVU	,C2
BMNTWR	,C2
BMNTWU	,C2
BMNTWV	,C2
BMNVUR	,C2
BMNWUR	,C2
BMNXTR	,C2
BMNXTU	,C2
BMNXTV	,C2
BMNXTW	,C2
BMNXUR	,C2
BMNXVR	,C2
BMNXVU	,C2
BMNXWR	,C2
BMNXWU	,C2
BMNXWV	,C2
BMNXZT	,C2
BMNZTR	,C2
BMNZTU	,C2
BMNZTV	,C2
BMNZTW	,C2
BMNZUR	,C2
BMNZVR	,C2
BMNZVU	,C2
BMNZWR	,C2
BMNZWU	,C2
BMNZWV	,C2
BMTVUR	,C2
BMTWUR	,C2
BMTWVR	,C2
BMTWVU	,C2
BMUHYW	,C2
BMWVUR	,C2
BMXTUR	,C2
BMXTVR	,C2
BMXTVU	,C2
BMXTWV	,C2
BMXVUR	,C2
BMXWUR	,C2
BMXWVR	,C2
BMXWVU	,C2
BMXZTR	,C2
BMXZTU	,C2
BMXZTV	,C2
BMXZTW	,C2
BMXZUR	,C2
BMXZVR	,C2
BMXZVU	,C2
BMXZWR	,C2
BMXZWU	,C2
BMXZWV	,C2
BMZTUR	,C2
BMZTVR	,C2
BMZTVU	,C2
BMZTWR	,C2
BMZTWU	,C2
BMZTWV	,C2
BMZVUR	,C2
BMZWUR	,C2
BMZWVR	,C2
BMZWVU	,C2
BNALWQ	,C4
BNDZOP	,C3
BNLWML	,C3
BNNGXJ	,C2
BNPCHN	,C2
BNTVUR	,C2
BNTWUR	,C2
BNTWVR	,C2
BNTWVU	,C2
BNWVUR	,C2
BNXTUR	,C2
BNXTVR	,C2
BNXTVU	,C2
BNXTWR	,C2
BNXTWU	,C2
BNXTWV	,C2
BNXVUR	,C2
BNXWUR	,C2
BNXWVR	,C2
BNXWVU	,C2
BNXZTR	,C2
BNXZTU	,C2
BNXZTV	,C2
BNXZTW	,C2
BNXZUR	,C2
BNXZVR	,C2
BNXZVU	,C2
BNXZWR	,C2
BNXZWU	,C2
BNXZWV	,C2
BNZTUR	,C2
BNZTVR	,C2
BNZTVU	,C2
BNZTWR	,C2
BNZTWU	,C2
BNZTWV	,C2
BNZVUR	,C2
BNZWUR	,C2
BNZWVR	,C2
BNZWVU	,C2
BOBRPG	,C1
BOKMNX	,C2
BOKMNZ	,C2
BOKMXZ	,C2
BOMNXZ	,C2
BPBBZK	,C2
BPBFPM	,C2
BPETYH	,C2
BPEXAV	,C2
BPJJQB	,C3
BPKMNX	,C2
BPKMNZ	,C2
BPKMXZ	,C2
BPKNXZ	,C2
BPKZPN	,C2
BPMHYW	,C2
BPMNXZ	,C2
BPMUHW	,C2
BPMUHY	,C2
BPMUYW	,C2
BPOKMN	,C2
BPOKMX	,C2
BPOKMZ	,C2
BPOKNX	,C2
BPOKNZ	,C2
BPOKXZ	,C2
BPOMNX	,C2
BPOMNZ	,C2
BPOMXZ	,C2
BPONIE	,C4
BPONXZ	,C2
BPQTEU	,C2
BPTHYW	,C2
BPTMHW	,C2
BPTMHY	,C2
BPTMUH	,C2
BPTMUW	,C2
BPTMUY	,C2
BPTMYW	,C2
BPTUHW	,C2
BPTUHY	,C2
BPTUYW	,C2
BPTVHW	,C2
BPTVHY	,C2
BPTVMW	,C2
BPTVMY	,C2
BPTVUH	,C2
BPTVUW	,C2
BPTVUY	,C2
BPTVXH	,C2
BPTVXM	,C2
BPTVXU	,C2
BPTVYW	,C2
BPTXHW	,C2
BPTXHY	,C2
BPTXMH	,C2
BPTXMU	,C2
BPTXMW	,C2
BPTXMY	,C2
BPTXUH	,C2
BPTXUW	,C2
BPTXUY	,C2
BPTXYW	,C2
BPUHYW	,C2
BPVHYM	,C2
BPVMHW	,C2
BPVMHY	,C2
BPVMUH	,C2
BPVMUW	,C2
BPVMUY	,C2
BPVMYW	,C2
BPVUHW	,C2
BPVUHY	,C2
BPVUYW	,C2
BPVXHW	,C2
BPVXHY	,C2
BPVXMH	,C2
BPVXMU	,C2
BPVXMW	,C2
BPVXMY	,C2
BPVXUH	,C2
BPVXUW	,C2
BPVXUY	,C2
BPVXYW	,C2
BPXMHW	,C2
BPXMYW	,C2
BPXUHW	,C2
BPXUHY	,C2
BPXUYW	,C2
BPZKVA	,C3
BQEKCS	,C2
BQGQBF	,C3
BQHDKR	,C2
BQJULX	,C4
BQKMNX	,C2
BQKMNZ	,C2
BQKMXZ	,C2
BQKNXZ	,C2
BQMNXZ	,C2
BQOKMN	,C2
BQOKMX	,C2
BQOKMZ	,C2
BQOKNX	,C2
BQOKNZ	,C2
BQOKXZ	,C2
BQOMNX	,C2
BQOMNZ	,C2
BQOMXZ	,C2
BQONXZ	,C2
BQPKMN	,C2
BQPKMX	,C2
BQPKMZ	,C2
BQPKNX	,C2
BQPKNZ	,C2
BQPKXZ	,C2
BQPMNX	,C2
BQPMNZ	,C2
BQPMXZ	,C2
BQPNXZ	,C2
BQPOKN	,C2
BQPOKX	,C2
BQPOKZ	,C2
BQPOMN	,C2
BQPOMX	,C2
BQPOMZ	,C2
BQPONX	,C2
BQPONZ	,C2
BQPOXZ	,C2
BQTWTW	,C3
BQWFEZ	,C2
BRASKR	,C2
BREFSG	,C2
BREFSP	,C2
BREGPA	,C2
BREIUR	,C4
BRESGA	,C2
BRESPA	,C2
BREWGA	,C2
BREWPA	,C2
BREWSG	,C2
BRFGPA	,C2
BRFSGA	,C2
BRFSGP	,C2
BRFSPA	,C2
BROZAZ	,C1
BRPAKN	,C2
BRQIZA	,C2
BRSGPA	,C2
BRULKS	,C2
BRVAGO	,C3
BRWFGA	,C2
BRWFGP	,C2
BRWFPA	,C2
BRWFSA	,C2
BRWFSG	,C2
BRWFSP	,C2
BRWGPA	,C2
BRWSGA	,C2
BRWSGP	,C2
BRWSPA	,C2
BSHNNZ	,C2
BSOKMN	,C2
BSOKMX	,C2
BSOKMZ	,C2
BSOKNX	,C2
BSOKNZ	,C2
BSOKXZ	,C2
BSOMNX	,C2
BSOMNZ	,C2
BSPKMN	,C2
BSPKMX	,C2
BSPKMZ	,C2
BSPKNX	,C2
BSPKNZ	,C2
BSPKXZ	,C2
BSPMNX	,C2
BSPMNZ	,C2
BSPMXZ	,C2
BSPNXZ	,C2
BSPOKM	,C2
BSPOKN	,C2
BSPOKX	,C2
BSPOKZ	,C2
BSPOMN	,C2
BSPOMX	,C2
BSPOMZ	,C2
BSPONX	,C2
BSPONZ	,C2
BSPOXZ	,C2
BSQKMN	,C2
BSQKMX	,C2
BSQKMZ	,C2
BSQKNX	,C2
BSQKNZ	,C2
BSQKXZ	,C2
BSQMNX	,C2
BSQMXZ	,C2
BSQNXZ	,C2
BSQOKX	,C2
BSQOKZ	,C2
BSQOMN	,C2
BSQONZ	,C2
BSQOXZ	,C2
BSQPKX	,C4
BSQPKZ	,C4
BSQPMN	,C4
BSQPMZ	,C2
BSQPNX	,C2
BSQPNZ	,C2
BSQPOK	,C2
BSQPOM	,C2
BSQPON	,C2
BSQPXZ	,C2
BSRXAM	,C2
BSWFSA	,C2
BTKFCJ	,C3
BTLFHK	,C2
BTMHYW	,C2
BTMUHW	,C2
BTMUHY	,C2
BTMUYW	,C2
BTUHYW	,C2
BTVHYW	,C2
BTVMHW	,C2
BTVMHY	,C2
BTVMUH	,C2
BTVMUW	,C2
BTVMUY	,C2
BTVMYW	,C2
BTVUHW	,C2
BTVUHY	,C2
BTVUYW	,C2
BTVWOL	,C4
BTVXHW	,C2
BTVXHY	,C2
BTVXMH	,C2
BTVXMU	,C2
BTVXMW	,C2
BTVXMY	,C2
BTVXUH	,C2
BTVXUW	,C2
BTVXUY	,C2
BTVXYW	,C2
BTWOQK	,C2
BTWVUR	,C2
BTXHYW	,C2
BTXMHW	,C2
BTXMHY	,C2
BTXMUH	,C2
BTXMUW	,C2
BTXMUY	,C2
BTXMYW	,C2
BTXUHW	,C2
BTXUHY	,C2
BTXUYW	,C2
BUBTMK	,C3
BUCZOF	,C2
BULDMU	,C2
BUMWTK	,C2
BUOXOT	,C2
BVBUOX	,C5
BVCAUF	,C2
BVJGDD	,C3
BVKLIJ	,C2
BVMHYW	,C2
BVMUHW	,C2
BVMUHY	,C2
BVMUYW	,C2
BVMZDT	,C2
BVOPBC	,C2
BVPQXZ	,C3
BVRZXP	,C3
BVTVVT	,C3
BVUHYW	,C2
BVWBPF	,C2
BVXHYW	,C2
BVXMHW	,C2
BVXMHY	,C2
BVXMUH	,C2
BVXMUW	,C2
BVXMUY	,C2
BVXMYW	,C2
BVXUHW	,C2
BVXUHY	,C2
BVXUYW	,C2
BVYPHT	,C1
BWFGPA	,C2
BWFSGP	,C2
BWKLFF	,C2
BWSGPA	,C2
BWUHMT	,C2
BWXBII	,C2
BXDYSX	,C2
BXECZJ	,C2
BXMHYW	,C2
BXMUHW	,C2
BXMUHY	,C2
BXMUYW	,C2
BXTVUR	,C2
BXTWUR	,C2
BXTWVR	,C2
BXTWVU	,C2
BXUHYW	,C2
BXVELY	,C2
BXZTUR	,C2
BXZTVR	,C2
BXZTWR	,C2
BXZTWU	,C2
BXZTWV	,C2
BXZVUR	,C2
BXZWUR	,C2
BXZWVR	,C2
BXZWVU	,C2
BYCZOS	,C2
BYEFKN	,C2
BYLOIM	,C2
BYVLTB	,C3
BZBBFN	,C1
BZDJYR	,C3
BZFZKN	,C2
BZJULW	,C2
BZOJRK	,C2
BZQHGQ	,C3
BZQSGU	,C3
BZRMVQ	,C2
BZTVUR	,C2
BZTWUR	,C2
BZTWVR	,C2
BZWGHV	,C2
BZWVUR	,C2
BZXSIF	,C3
CAARIE	,C3
CAIUHV	,C2
CAIVMZ	,C1
CAKIWE	,C1
CAKPEM	,C2
CANCEK	,C4
CARCTL	,C2
CAVZKO	,C5
CAYMBC	,C2
CAYSMF	,C3
CAYXGH	,C3
CBEFOU	,C3
CBLXZR	,C3
CBQOGV	,C3
CBVSXW	,C2
CCCWMJ	,C4
CCIYOY	,C3
CCJTCX	,C2
CCSSFB	,C1
CCWSBD	,C2
CDFYAJ	,C3
CDKVAN	,C4
CDLCXH	,C2
CDNFVC	,C2
CDVNGB	,C1
CEFLQX	,C3
CEILES	,C2
CELJHW	,C2
CEOSKH	,C1
CEZFRG	,C3
CFHLMJ	,C3
CFHLMN	,C3
CFHLNJ	,C3
CFHMNJ	,C3
CFHMTA	,C2
CFHPLJ	,C3
CFHPLM	,C3
CFHPLN	,C3
CFHPMJ	,C3
CFHPMN	,C3
CFHPNJ	,C3
CFHULJ	,C3
CFHULM	,C3
CFHULN	,C3
CFHUMJ	,C3
CFHUMN	,C3
CFHUNJ	,C3
CFHUPJ	,C3
CFHUPL	,C3
CFHUPM	,C3
CFHUPN	,C3
CFKRYI	,C2
CFLDUJ	,C1
CFLMNJ	,C3
CFMXZY	,C2
CFPLMJ	,C3
CFPLMN	,C3
CFPLNJ	,C3
CFPMNJ	,C3
CFQILU	,C2
CFULMJ	,C3
CFULMN	,C3
CFULNJ	,C3
CFUMNJ	,C3
CFUPLJ	,C3
CFUPLM	,C3
CFUPLN	,C3
CFUPMJ	,C3
CFUPMN	,C3
CFUPNJ	,C3
CFVEQR	,C3
CFVXLE	,C2
CFYLOC	,C2
CGEDBA	,C3
CGFHLJ	,C3
CGFHLM	,C3
CGFHLN	,C3
CGFHMJ	,C3
CGFHMN	,C4
CGFHNJ	,C3
CGFHPJ	,C3
CGFHPL	,C3
CGFHPM	,C3
CGFHPN	,C3
CGFHUJ	,C3
CGFHUL	,C3
CGFHUM	,C3
CGFHUN	,C3
CGFHUP	,C3
CGFLMJ	,C3
CGFLMN	,C3
CGFLNJ	,C3
CGFMNJ	,C3
CGFPLJ	,C3
CGFPLM	,C3
CGFPLN	,C3
CGFULJ	,C3
CGFULM	,C3
CGFULN	,C3
CGFULP	,C3
CGFUMJ	,C3
CGFUMN	,C3
CGFUNJ	,C3
CGFUPJ	,C3
CGFUPM	,C3
CGFUPN	,C3
CGGXWE	,C1
CGHLMJ	,C3
CGHLMN	,C3
CGHLNJ	,C3
CGHMNJ	,C3
CGHPLJ	,C3
CGHPLM	,C3
CGHPLN	,C3
CGHPMJ	,C3
CGHPMN	,C3
CGHPNJ	,C3
CGHTNR	,C2
CGHULJ	,C3
CGHULM	,C3
CGHULN	,C3
CGHULP	,C3
CGHUMJ	,C3
CGHUMN	,C3
CGHUNJ	,C3
CGHUPJ	,C3
CGHUPM	,C3
CGHUPN	,C3
CGJPLR	,C2
CGLMNJ	,C3
CGNCJN	,C4
CGPLMJ	,C3
CGPLMN	,C3
CGPLNJ	,C3
CGPMNJ	,C3
CGPPEC	,C2
CGTDBA	,C3
CGTEBA	,C3
CGULMJ	,C3
CGULMN	,C3
CGULNJ	,C3
CGUMNJ	,C3
CGUPLJ	,C3
CGUPLM	,C3
CGUPLN	,C3
CGUPMJ	,C3
CGUPMN	,C3
CGUPNJ	,C3
CHCZMW	,C3
CHGOZY	,C3
CHIQTJ	,C5
CHLMNJ	,C3
CHMISK	,C2
CHPLMJ	,C3
CHPLMN	,C3
CHPLNJ	,C3
CHPMNJ	,C3
CHULMJ	,C3
CHULMN	,C3
CHUPLM	,C3
CHUPLN	,C3
CHUPMJ	,C3
CHUPNJ	,C3
CIBLWG	,C2
CIDMDI	,C2
CIDMOH	,C3
CIEDBA	,C3
CIGDBA	,C3
CIGEBA	,C3
CIGEDA	,C3
CIGEDB	,C3
CIGTBA	,C3
CIGTDA	,C3
CIGTDB	,C3
CIGTEA	,C3
CIGTEB	,C3
CIGTED	,C3
CIJGTA	,C3
CILOCA	,C3
CISMIS	,C2
CITDBA	,C3
CITEBA	,C3
CITEDA	,C3
CITEDB	,C3
CIUNMG	,C3
CIVQJV	,C2
CIYDBA	,C3
CIYEBA	,C3
CIYEDA	,C3
CIYEDB	,C3
CIYGBA	,C3
CIYGDA	,C3
CIYGDB	,C3
CIYGEA	,C3
CIYGEB	,C3
CIYGED	,C3
CIYGTA	,C3
CIYGTB	,C3
CIYGTD	,C3
CIYGTE	,C3
CIYSSM	,C1
CIYTBA	,C3
CIYTDA	,C3
CIYTDB	,C3
CIYTEA	,C3
CIYTEB	,C3
CIYTED	,C3
CJEDBA	,C3
CJGAOQ	,C3
CJGDBA	,C3
CJGEDA	,C3
CJGEDB	,C3
CJGTBA	,C3
CJGTDB	,C3
CJGTEA	,C3
CJGTEB	,C3
CJIDBA	,C3
CJIEBA	,C3
CJIEDA	,C3
CJIEDB	,C3
CJIGBA	,C3
CJIGDA	,C3
CJIGDB	,C3
CJIGEA	,C3
CJIGEB	,C3
CJIGED	,C3
CJIGTA	,C3
CJIGTB	,C3
CJIGTD	,C3
CJIGTE	,C3
CJITBA	,C3
CJITEA	,C3
CJITEB	,C3
CJITED	,C3
CJIYBA	,C3
CJIYDA	,C3
CJIYEB	,C3
CJIYED	,C3
CJIYGA	,C3
CJIYGB	,C3
CJIYGD	,C3
CJIYGE	,C3
CJIYGT	,C3
CJIYTA	,C3
CJIYTB	,C3
CJIYTD	,C3
CJIYTE	,C3
CJTDBA	,C3
CJTEBA	,C3
CJTEDB	,C3
CJUAXI	,C4
CJYDBA	,C3
CJYEBA	,C3
CJYEDB	,C3
CJYGBA	,C3
CJYGDA	,C3
CJYGDB	,C3
CJYGEA	,C3
CJYGEB	,C3
CJYGED	,C3
CJYGTA	,C3
CJYGTB	,C3
CJYGTD	,C3
CJYGTE	,C3
CJYTDA	,C3
CJYTDB	,C3
CJYTEA	,C3
CJYTEB	,C3
CJYTED	,C3
CKDYQU	,C4
CKEFGE	,C2
CKIBYB	,C2
CKISUE	,C1
CKLCVS	,C2
CKROLZ	,C3
CKUZFT	,C2
CLCGTX	,C2
CLKINF	,C2
CLWJVI	,C2
CLXRFU	,C3
CMDXDT	,C2
CMHLZR	,C2
CMHWFC	,C2
CMIUOK	,C4
CMJKOP	,C3
CMJKOQ	,C3
CMJKPQ	,C3
CMJOPQ	,C3
CMKOPQ	,C3
CMMEOE	,C3
CMNBQL	,C3
CMNJKO	,C3
CMNJKP	,C3
CMNJKQ	,C3
CMNJOP	,C3
CMNJOQ	,C3
CMNJPQ	,C3
CMNKOQ	,C3
CMNKPQ	,C3
CMNOPQ	,C3
CMNXJK	,C3
CMNXJO	,C3
CMNXJP	,C3
CMNXJQ	,C3
CMNXKO	,C3
CMNXKP	,C3
CMNXKQ	,C3
CMNXOP	,C3
CMNXOQ	,C3
CMNXPQ	,C3
CMNXZJ	,C3
CMNXZK	,C3
CMNXZO	,C3
CMNXZP	,C3
CMNXZQ	,C3
CMNZJK	,C3
CMNZJO	,C3
CMNZKO	,C3
CMNZKP	,C3
CMNZKQ	,C3
CMNZOP	,C3
CMNZOQ	,C3
CMNZPQ	,C3
CMWTVB	,C3
CMXJKO	,C3
CMXJKP	,C3
CMXJKQ	,C3
CMXJOP	,C3
CMXJOQ	,C3
CMXJPQ	,C3
CMXKOP	,C3
CMXKPQ	,C3
CMXOPQ	,C3
CMXZJK	,C3
CMXZJO	,C3
CMXZJP	,C3
CMXZJQ	,C3
CMXZKO	,C3
CMXZKP	,C3
CMXZKQ	,C3
CMXZOP	,C3
CMXZOQ	,C3
CMXZPQ	,C3
CMZJKO	,C3
CMZJOP	,C3
CMZJOQ	,C3
CMZJPQ	,C3
CMZKOP	,C3
CMZKOQ	,C3
CMZKPQ	,C3
CMZOPQ	,C3
CNABWZ	,C2
CNFIGT	,C2
CNJFJJ	,C1
CNJKOP	,C3
CNJKOQ	,C3
CNJKPQ	,C3
CNJOPQ	,C3
CNKOPQ	,C3
CNPPVC	,C4
CNQLOS	,C3
CNUYZJ	,C3
CNXJKO	,C3
CNXJKP	,C3
CNXJKQ	,C3
CNXJOP	,C3
CNXJOQ	,C3
CNXKOP	,C3
CNXKOQ	,C3
CNXKPQ	,C3
CNXOPQ	,C3
CNXZJK	,C3
CNXZJO	,C3
CNXZJP	,C3
CNXZJQ	,C3
CNXZKP	,C3
CNXZKQ	,C3
CNXZOP	,C3
CNXZOQ	,C3
CNXZPQ	,C3
CNYMAZ	,C2
CNZJKO	,C3
CNZJKP	,C3
CNZJKQ	,C3
CNZJOP	,C3
CNZJPQ	,C3
CNZKOP	,C3
CNZKOQ	,C3
CNZOPQ	,C3
COCTNU	,C3
COJKES	,C2
COVLBH	,C1
COYGCY	,C3
CPIPHU	,C2
CPJKEZ	,C1
CPLMNJ	,C3
CPSEUS	,C2
CPZCYF	,C2
CQCKAC	,C3
CQHJXL	,C2
CQJNAS	,C2
CQSBKW	,C2
CQWBYN	,C3
CQWHCI	,C2
CQXOAN	,C2
CRCPKP	,C3
CRGOWK	,C1
CRJIOG	,C3
CRJZGB	,C2
CRSWLX	,C2
CRZTRC	,C3
CSAXKP	,C4
CSCSRJ	,C3
CSHBPT	,C4
CSHPSI	,C2
CSPSPE	,C4
CSTJEM	,C3
CSYFTQ	,C3
CSZJPL	,C2
CTEDBA	,C3
CTIDSC	,C2
CTIRRD	,C4
CTNILO	,C2
CTPMOC	,C4
CTQLXH	,C3
CTSRLI	,C3
CTURLI	,C3
CTUSLI	,C3
CTUSRI	,C3
CTUSRL	,C3
CTUVLI	,C3
CTUVRI	,C3
CTUVRL	,C3
CTUVSI	,C3
CTUVSL	,C3
CTUVSR	,C3
CTVRLI	,C3
CTVSLI	,C3
CTVSRI	,C3
CTVSRL	,C3
CTWTAQ	,C3
CTYWFV	,C3
CTZCTG	,C2
CUASSS	,C1
CUAYYE	,C1
CUEADZ	,C1
CUFYGQ	,C3
CUIHID	,C2
CULMNJ	,C3
CUPJXQ	,C2
CUPLMJ	,C3
CUPLMN	,C3
CUPLNJ	,C3
CUPMNJ	,C3
CUSTKA	,C3
CUVSLI	,C3
CUVSRI	,C3
CUVSRL	,C3
CUYFPM	,C1
CVANXB	,C2
CVATCG	,C2
CVIYYO	,C4
CVOULA	,C2
CVSRLI	,C3
CVVGBX	,C2
CWPEEH	,C2
CWSRLI	,C3
CWTRLI	,C3
CWTSLI	,C3
CWTSRI	,C3
CWTSRL	,C3
CWTULI	,C3
CWTURI	,C3
CWTURL	,C3
CWTUSI	,C3
CWTUSL	,C3
CWTUSR	,C3
CWTUVI	,C3
CWTUVL	,C3
CWTUVR	,C3
CWTUVS	,C3
CWTVLI	,C3
CWTVRI	,C3
CWTVRL	,C3
CWTVSI	,C3
CWTVSL	,C3
CWTVSR	,C3
CWURLI	,C3
CWUSLI	,C3
CWUSRI	,C3
CWUSRL	,C3
CWUVLI	,C3
CWUVRL	,C3
CWUVSI	,C3
CWVRLI	,C3
CWVSRL	,C3
CXJDQH	,C4
CXJHPD	,C2
CXJKOP	,C3
CXJKPQ	,C3
CXJOPQ	,C2
CXONOK	,C5
CXWITS	,C1
CXZJKO	,C3
CXZJKP	,C3
CXZJKQ	,C3
CXZJOP	,C3
CXZJOQ	,C3
CXZJPQ	,C3
CXZKOP	,C4
CXZKOQ	,C4
CXZOPQ	,C3
CYAVIZ	,C4
CYBDQM	,C2
CYCEWA	,C2
CYESGA	,C3
CYGDBA	,C3
CYGEBA	,C3
CYGEDA	,C3
CYGEDB	,C3
CYGPAD	,C3
CYGTBA	,C3
CYGTDA	,C3
CYGTDB	,C3
CYGTEA	,C3
CYGTEB	,C3
CYGTED	,C3
CYHCDA	,C2
CYKOEA	,C2
CYTDBA	,C3
CYTEBA	,C3
CYTEDB	,C3
CYTRLI	,C3
CYTSLI	,C3
CYTSRI	,C3
CYTSRL	,C3
CYTULI	,C3
CYTURI	,C3
CYTURL	,C3
CYTUSI	,C3
CYTUSL	,C3
CYTUSR	,C3
CYTUVI	,C3
CYTUVL	,C3
CYTUVR	,C3
CYTUVS	,C3
CYTVLI	,C3
CYTVRI	,C3
CYTVRL	,C3
CYTVSI	,C3
CYTVSL	,C3
CYTVSR	,C3
CYURLI	,C3
CYUSLI	,C3
CYUSRI	,C3
CYUSRL	,C3
CYUVLI	,C3
CYUVRI	,C3
CYUVRL	,C3
CYUVSR	,C3
CYVSLI	,C3
CYWRLI	,C3
CYWSLI	,C3
CYWSRI	,C3
CYWTLI	,C3
CYWTRL	,C3
CYWTSL	,C3
CYWTSR	,C3
CYWTUI	,C3
CYWTUL	,C3
CYWTUR	,C2
CYWTUV	,C3
CYWTVI	,C3
CYWTVL	,C3
CYWULI	,C3
CYWURI	,C3
CYWURL	,C3
CYWUSI	,C3
CYWUSL	,C3
CYWUSR	,C3
CYWUVI	,C3
CYWUVL	,C3
CYWUVR	,C3
CYWUVS	,C3
CYWVSI	,C3
CYWVSL	,C3
CYWVSR	,C3
CYYPIP	,C2
CZCYLO	,C2
CZEVNU	,C3
CZJKOP	,C3
CZJKOQ	,C3
CZJKPQ	,C3
CZJMJH	,C2
CZJOPQ	,C3
CZOAOH	,C3
CZRJGX	,C3
CZUNCF	,C2
CZZTVJ	,C3
DAAPVF	,C1
DADBAB	,C2
DAHOAM	,C2
DAUTIJ	,C4
DAWXSI	,C4
DBBXDJ	,C2
DBHCWS	,C2
DBMWZN	,C3
DBXFXO	,C3
DBXVUC	,C4
DCFUHI	,C2
DCHHKF	,C2
DCLMSM	,C1
DCNZKL	,C1
DCTIRC	,C2
DDCANW	,C2
DDDEDE	,C3
DDFTST	,C3
DDJGOL	,C3
DDZBUG	,C2
DEGFYI	,C2
DELKTD	,C4
DERCTK	,C2
DEVABZ	,C3
DFDAWH	,C2
DFFTRH	,C2
DFGIDY	,C3
DFGJKO	,C4
DFGJKP	,C4
DFGJKQ	,C4
DFGJOP	,C4
DFGJOQ	,C4
DFGJPQ	,C4
DFGKOP	,C4
DFGKOQ	,C4
DFGKPQ	,C4
DFGOPQ	,C4
DFGXJK	,C4
DFGXJO	,C4
DFGXJP	,C4
DFGXJQ	,C4
DFGXKO	,C4
DFGXKQ	,C4
DFGXOP	,C4
DFGXOQ	,C4
DFGXPQ	,C4
DFGXZJ	,C4
DFGXZK	,C4
DFGXZO	,C4
DFGXZP	,C4
DFGXZQ	,C4
DFGZJK	,C4
DFGZJO	,C4
DFGZJP	,C4
DFGZJQ	,C4
DFGZKO	,C4
DFGZKP	,C4
DFGZKQ	,C4
DFGZOP	,C4
DFGZOQ	,C4
DFGZPQ	,C4
DFJKOP	,C4
DFJKOQ	,C4
DFJKPQ	,C4
DFJOPQ	,C4
DFKOPQ	,C4
DFOITM	,C4
DFOLIM	,C4
DFOLIT	,C4
DFOLTM	,C4
DFWKDL	,C2
DFXJKO	,C3
DFXJKP	,C4
DFXJKQ	,C4
DFXJOP	,C4
DFXJOQ	,C4
DFXKOP	,C4
DFXKOQ	,C4
DFXKPQ	,C4
DFXZJK	,C4
DFXZJO	,C4
DFXZJP	,C4
DFXZJQ	,C4
DFXZKO	,C4
DFXZKP	,C4
DFXZKQ	,C4
DFXZOP	,C4
DFXZOQ	,C4
DFXZPQ	,C4
DFZITM	,C4
DFZJKP	,C4
DFZJKQ	,C4
DFZJOP	,C4
DFZJOQ	,C4
DFZJPQ	,C4
DFZKOP	,C4
DFZKPQ	,C4
DFZLTM	,C4
DFZOIM	,C4
DFZOIT	,C4
DFZOLI	,C4
DFZOLM	,C4
DFZOLT	,C4
DFZOPQ	,C4
DGAAAM	,C2
DGCAEK	,C4
DGFSWK	,C3
DGJKOP	,C4
DGJKOQ	,C4
DGJOPQ	,C4
DGKOPQ	,C4
DGNRBX	,C4
DGSAEK	,C4
DGSAEY	,C4
DGSAKY	,C4
DGSCAE	,C4
DGSCAK	,C4
DGSCEY	,C4
DGSCKY	,C4
DGSKYQ	,C2
DGXJKO	,C4
DGXJKP	,C4
DGXJKQ	,C4
DGXJOP	,C4
DGXJOQ	,C4
DGXJPQ	,C4
DGXKOP	,C4
DGXKOQ	,C4
DGXKPQ	,C4
DGXOPQ	,C4
DGXZJK	,C4
DGXZJO	,C4
DGXZJP	,C4
DGXZJQ	,C4
DGXZKO	,C4
DGXZKP	,C4
DGXZKQ	,C4
DGXZOP	,C4
DGXZOQ	,C4
DGXZPQ	,C4
DGZFPH	,C1
DGZGJY	,C5
DGZJKO	,C4
DGZJKP	,C4
DGZJKQ	,C4
DGZJOP	,C4
DGZJOQ	,C4
DGZJPQ	,C4
DGZKOP	,C4
DGZKOQ	,C4
DGZKPQ	,C4
DGZOPQ	,C4
DHAEKY	,C4
DHBXPH	,C2
DHCAEK	,C4
DHCAEY	,C4
DHCAKY	,C4
DHCAUG	,C4
DHCEKY	,C4
DHFITM	,C4
DHFLIT	,C4
DHFLTM	,C4
DHFOIM	,C4
DHFOIT	,C4
DHFOLI	,C4
DHFOLM	,C4
DHFOLT	,C4
DHFOTM	,C4
DHFZIM	,C4
DHFZIT	,C4
DHFZLI	,C4
DHFZLM	,C4
DHFZLT	,C4
DHFZOI	,C4
DHFZOL	,C4
DHFZOM	,C4
DHFZOT	,C4
DHFZTM	,C4
DHGAEY	,C4
DHGAKY	,C4
DHGCAE	,C4
DHGCAY	,C4
DHGCEK	,C4
DHGCEY	,C4
DHGCKY	,C4
DHGDNA	,C2
DHGEKY	,C4
DHGSAE	,C4
DHGSAK	,C4
DHGSAY	,C4
DHGSEK	,C4
DHGSEY	,C4
DHGSKY	,C4
DHLITM	,C4
DHNJZY	,C4
DHOITM	,C4
DHOLIM	,C4
DHOLIT	,C4
DHOLTM	,C4
DHOUYR	,C2
DHSAEY	,C4
DHSAKY	,C4
DHSCAE	,C4
DHSCAK	,C4
DHSCEK	,C4
DHSCEY	,C4
DHSCKY	,C4
DHSFIM	,C4
DHSFIT	,C4
DHSFLI	,C4
DHSFLM	,C4
DHSFLT	,C4
DHSFLZ	,C4
DHSFOI	,C4
DHSFOL	,C4
DHSFOM	,C4
DHSFOT	,C4
DHSFTM	,C4
DHSFZI	,C4
DHSFZM	,C4
DHSFZO	,C4
DHSFZT	,C4
DHSITM	,C4
DHSLTM	,C4
DHSOIM	,C4
DHSOIT	,C4
DHSOLM	,C4
DHSOTM	,C4
DHSZIM	,C4
DHSZIT	,C4
DHSZLM	,C4
DHSZLT	,C4
DHSZOI	,C4
DHSZOL	,C4
DHSZOM	,C4
DHSZOT	,C4
DHSZTM	,C4
DHVSFB	,C2
DHYFIM	,C4
DHYFIT	,C4
DHYFLI	,C4
DHYFLM	,C4
DHYFLT	,C4
DHYFOI	,C4
DHYFOL	,C4
DHYFOM	,C4
DHYFOT	,C4
DHYFTM	,C4
DHYFZI	,C4
DHYFZL	,C4
DHYFZM	,C4
DHYFZO	,C4
DHYFZT	,C4
DHYITM	,C4
DHYLIM	,C4
DHYLIT	,C4
DHYLTM	,C4
DHYOIM	,C4
DHYOIT	,C4
DHYOLI	,C4
DHYOLM	,C4
DHYOLT	,C4
DHYOTM	,C4
DHYSFI	,C4
DHYSFL	,C4
DHYSFM	,C4
DHYSFO	,C4
DHYSFT	,C4
DHYSFZ	,C4
DHYSIM	,C4
DHYSIT	,C4
DHYSLI	,C4
DHYSLM	,C4
DHYSLT	,C4
DHYSOM	,C4
DHYSOT	,C4
DHYSTM	,C4
DHYSZI	,C4
DHYSZL	,C4
DHYSZM	,C4
DHYSZQ	,C4
DHYSZT	,C4
DHYZIM	,C4
DHYZIT	,C4
DHYZLI	,C4
DHYZLM	,C4
DHYZLT	,C4
DHYZOI	,C4
DHYZOL	,C4
DHYZOM	,C4
DHYZOT	,C4
DHYZTM	,C4
DHZITM	,C4
DHZLIM	,C4
DHZLTM	,C4
DHZOIM	,C4
DHZOIT	,C4
DHZOLM	,C4
DHZOTM	,C2
DIGSDE	,C2
DIMQYA	,C3
DISFZC	,C2
DIVQLN	,C1
DIWHKM	,C3
DIXHQB	,C2
DIZBMA	,C2
DJAXEW	,C2
DJDAQD	,C1
DJFHZS	,C1
DJGESO	,C3
DJIOMS	,C2
DJKOPQ	,C4
DJLJAR	,C2
DJSYEA	,C4
DJVXXH	,C2
DKMMTD	,C2
DKNLFG	,C4
DKNTCW	,C1
DKSUSE	,C2
DKTFJI	,C5
DLLYAW	,C2
DLMTUF	,C2
DLNYQW	,C2
DLSNTO	,C4
DLXORL	,C1
DLZUVM	,C3
DMCESW	,C2
DMCVEY	,C2
DMEJRS	,C3
DMNRLI	,C4
DMNTLI	,C4
DMNTRI	,C4
DMNTRL	,C4
DMNTWI	,C4
DMNTWL	,C4
DMNTWR	,C4
DMNURI	,C4
DMNURL	,C4
DMNUTI	,C4
DMNUTL	,C4
DMNUTR	,C4
DMNUTW	,C4
DMNUVI	,C4
DMNUVL	,C4
DMNUVR	,C4
DMNUVT	,C4
DMNUVW	,C4
DMNUWI	,C4
DMNVLI	,C4
DMNVRI	,C4
DMNVWI	,C4
DMNVWL	,C4
DMNVWR	,C4
DMNWLI	,C4
DMNWRI	,C4
DMNWRL	,C4
DMSZLI	,C4
DMSZLT	,C4
DMTRLI	,C4
DMTWLI	,C4
DMTWRI	,C4
DMTWRL	,C4
DMUTRI	,C4
DMUTRL	,C4
DMUTWI	,C4
DMUTWL	,C4
DMUVRL	,C4
DMUVTL	,C4
DMUVTR	,C4
DMUVTW	,C4
DMUVWI	,C4
DMUVWL	,C4
DMUVWR	,C4
DMUWRI	,C4
DMUWRL	,C4
DMVRLI	,C4
DMVTLI	,C4
DMVTRL	,C4
DMVTWI	,C4
DMVTWL	,C4
DMVWLI	,C4
DMWGFV	,C2
DMWRLI	,C4
DMXWVW	,C2
DNCZGN	,C4
DNESDJ	,C1
DNJINV	,C5
DNPNZK	,C4
DNTRLI	,C4
DNTWLI	,C4
DNTWRI	,C4
DNTWRL	,C4
DNURLI	,C4
DNUTLI	,C4
DNUTRI	,C4
DNUTRL	,C4
DNUTWI	,C4
DNUTWL	,C4
DNUTWR	,C4
DNUVLI	,C4
DNUVRI	,C4
DNUVRL	,C4
DNUVTI	,C4
DNUVTL	,C4
DNUVTR	,C4
DNUVWI	,C4
DNUVWL	,C4
DNUVWR	,C4
DNUWLI	,C4
DNUWRI	,C4
DNUWRL	,C4
DNVRLI	,C4
DNVTLI	,C4
DNVTRI	,C4
DNVTRL	,C4
DNVTWI	,C4
DNVTWL	,C4
DNVTWR	,C4
DNVWLI	,C4
DNVWRI	,C4
DNVWRL	,C4
DNWAOA	,C1
DNWRLI	,C4
DNWZOE	,C2
DNZQDT	,C2
DOAXHK	,C2
DODIVI	,C2
DODMPP	,C2
DOGPST	,C2
DOGYCT	,C3
DOJZFP	,C2
DOPROS	,C2
DOWGVN	,C3
DPAEKY	,C4
DPCAEY	,C4
DPCAKY	,C4
DPCEKY	,C4
DPFUUJ	,C1
DPFXHS	,C3
DPGAEK	,C4
DPGAKY	,C4
DPGCAE	,C4
DPGCAK	,C4
DPGCAY	,C4
DPGCEK	,C4
DPGCEY	,C4
DPGSAE	,C4
DPGSAY	,C4
DPGSCA	,C4
DPGSCK	,C4
DPGSCY	,C4
DPGSEK	,C4
DPGSKY	,C5
DPHAEY	,C4
DPHCAE	,C4
DPHCAK	,C4
DPHCAY	,C4
DPHCKY	,C4
DPHGAE	,C4
DPHGAY	,C4
DPHGCE	,C4
DPHGCK	,C4
DPHGEY	,C4
DPHGKY	,C4
DPHGSA	,C4
DPHGSC	,C4
DPHGSY	,C4
DPHSAE	,C4
DPHSAK	,C4
DPHSCE	,C4
DPHSCK	,C4
DPHSKY	,C4
DPIPXR	,C4
DPRUXV	,C1
DPSAEK	,C4
DPSAEY	,C4
DPSCAE	,C4
DPSCAY	,C4
DPSCEK	,C4
DPSCEY	,C4
DPSCKY	,C4
DPSEKY	,C4
DPZRUK	,C1
DQBDFU	,C2
DQHPPB	,C3
DQVFJE	,C2
DRABVS	,C2
DRIIJC	,C2
DRRWQK	,C4
DRTEGR	,C2
DRTZUW	,C3
DRUKEX	,C2
DSAEKY	,C4
DSCAEK	,C4
DSCAEY	,C4
DSCAKY	,C4
DSFITM	,C4
DSFLIM	,C4
DSFLIT	,C4
DSFLTM	,C4
DSFOIM	,C4
DSFOIT	,C4
DSFOLI	,C4
DSFOLM	,C4
DSFOLT	,C4
DSFOTM	,C4
DSFTSG	,C4
DSFZIM	,C4
DSFZIT	,C4
DSFZLI	,C4
DSFZLM	,C4
DSFZLT	,C4
DSFZOI	,C4
DSFZOL	,C4
DSFZOM	,C4
DSFZOT	,C4
DSFZTM	,C4
DSIQIS	,C4
DSKCYJ	,C2
DSLITM	,C4
DSOITM	,C4
DSOLIM	,C4
DSOLIT	,C4
DSOLTM	,C4
DSRFMC	,C4
DSTIDL	,C4
DSUTWG	,C2
DSXTKQ	,C3
DSYZZL	,C2
DSZITM	,C4
DSZLIM	,C4
DSZLIT	,C4
DSZLTM	,C4
DSZOIM	,C4
DSZOIT	,C4
DSZOLI	,C4
DSZOLM	,C4
DSZOLT	,C4
DSZOTM	,C4
DTWRLI	,C4
DUCNPS	,C2
DUGAVJ	,C1
DUIQLN	,C2
DUNAOL	,C4
DURXIM	,C1
DUSCVG	,C2
DUSFKT	,C2
DUTRLI	,C4
DUTWLI	,C4
DUTWRI	,C4
DUTWRL	,C4
DUVRLI	,C4
DUVTLI	,C4
DUVTRI	,C4
DUVTRL	,C4
DUVTWI	,C4
DUVTWL	,C4
DUVTWR	,C4
DUVWLI	,C4
DUWRLI	,C4
DUXSAN	,C4
DVCZJJ	,C3
DVDFFX	,C2
DVHIBL	,C2
DVTRLI	,C4
DVTWLI	,C4
DVTWRI	,C4
DVTWRL	,C4
DVWRLI	,C4
DVXSSS	,C4
DVZIDB	,C1
DWAHJS	,C2
DWAQCO	,C2
DWJEQW	,C2
DWKQQF	,C2
DWQYEL	,C3
DWXDGE	,C2
DXFDGT	,C3
DXGOOK	,C3
DXGRCN	,C3
DXJKPQ	,C4
DXJOPQ	,C4
DXKOPQ	,C4
DXPHHS	,C3
DXSAJF	,C1
DXUPGZ	,C4
DXWCSF	,C2
DXWYLY	,C2
DXZJOP	,C4
DXZJPQ	,C4
DXZKOP	,C4
DXZKOQ	,C4
DYFITM	,C4
DYFLIM	,C4
DYFLIT	,C4
DYFLTM	,C4
DYFOIM	,C4
DYFOIT	,C4
DYFOLI	,C4
DYFOLM	,C4
DYFOLT	,C4
DYFOTM	,C4
DYFZIM	,C4
DYFZIT	,C4
DYFZLM	,C4
DYFZLT	,C4
DYFZOI	,C4
DYFZOL	,C4
DYFZOM	,C4
DYFZOT	,C4
DYFZTM	,C4
DYLITM	,C4
DYMQFH	,C2
DYOITM	,C4
DYOLIM	,C4
DYOLIT	,C4
DYOLTM	,C4
DYSFIM	,C4
DYSFIT	,C4
DYSFLI	,C4
DYSFLM	,C4
DYSFLT	,C4
DYSFOI	,C4
DYSFOM	,C4
DYSFOT	,C4
DYSFTM	,C4
DYSFZI	,C4
DYSFZL	,C4
DYSFZO	,C4
DYSFZT	,C4
DYSITM	,C4
DYSLIM	,C4
DYSLTM	,C4
DYSOIM	,C4
DYSOLI	,C4
DYSOLT	,C4
DYSOTM	,C4
DYSZIM	,C4
DYSZIT	,C4
DYSZLI	,C4
DYSZLM	,C4
DYSZLT	,C4
DYSZOI	,C4
DYSZOL	,C4
DYSZOM	,C4
DYSZOT	,C4
DYSZTM	,C4
DYVHMH	,C5
DYWJAH	,C2
DYZITM	,C4
DYZLIM	,C4
DYZLIT	,C4
DYZLTM	,C4
DYZOIM	,C4
DYZOIT	,C4
DYZOLI	,C4
DYZOLM	,C4
DYZOLT	,C4
DYZOTM	,C4
DZAYIO	,C2
DZFKNV	,C2
DZHHSW	,C4
DZJKOQ	,C4
DZJKPQ	,C4
DZJOPQ	,C4
DZKOPQ	,C4
DZKWZQ	,C2
DZLITM	,C4
DZOLIM	,C4
DZOLIT	,C4
DZOLTM	,C4
DZWUXE	,C2
EADJGA	,C2
EAGNRG	,C4
EAKFAI	,C2
EAVOSB	,C1
EAWRZI	,C2
EBDLTX	,C2
EBHMXB	,C2
EBKPZD	,C2
ECPFNS	,C4
ECSJQB	,C2
ECTJDW	,C3
EDSCGX	,C2
EDVKMB	,C2
EECOPM	,C2
EEHYRP	,C1
EEJLPQ	,C2
EESBHC	,C2
EFJQYM	,C1
EFQDQS	,C2
EFSKQE	,C2
EFVKJG	,C2
EFYVNP	,C4
EGAOFR	,C3
EGAQIS	,C2
EGBSYD	,C3
EGFFJT	,C2
EGFOJN	,C2
EGKSYQ	,C3
EGNTCK	,C4
EGNYHO	,C2
EGOWPH	,C2
EGOYLO	,C2
EGPXWB	,C2
EGUTPQ	,C5
EGXKCS	,C1
EGXUTP	,C5
EGXUTQ	,C5
EGXZTP	,C5
EGXZTQ	,C5
EGXZUP	,C5
EGXZUQ	,C5
EGXZUT	,C5
EGYRZK	,C2
EGZUPQ	,C5
EGZUTQ	,C5
EHGOEC	,C3
EHKSIQ	,C3
EHOVEF	,C1
EHVPMX	,C1
EIFTAB	,C4
EIQDAV	,C4
EJKFAS	,C1
EJTKUJ	,C3
EJTXTW	,C4
EJYNFJ	,C1
EKGKXP	,C4
EKLEED	,C2
EKQXSZ	,C4
EKSMQB	,C2
EKXJLA	,C2
ELDAAA	,C2
ELDAAB	,C2
ELDAAC	,C2
ELDAAD	,C3
ELDAAE	,C4
ELDAAF	,C5
ELGUPQ	,C5
ELGUTP	,C5
ELGUTQ	,C5
ELGXTP	,C5
ELGXTQ	,C5
ELGXUP	,C5
ELGXUQ	,C5
ELGXUT	,C5
ELGXZP	,C5
ELGXZQ	,C5
ELGXZT	,C5
ELGXZU	,C5
ELGZPQ	,C5
ELGZTP	,C5
ELGZTQ	,C5
ELGZUT	,C5
ELJOEJ	,C3
ELMRXD	,C2
ELSXOY	,C2
ELUTPQ	,C5
ELWRPN	,C4
ELXTPQ	,C5
ELXUPQ	,C5
ELXUTP	,C5
ELXUTQ	,C5
ELXZPQ	,C5
ELXZTP	,C5
ELXZTQ	,C5
ELXZUP	,C5
ELXZUQ	,C5
ELXZUT	,C5
ELYGPQ	,C5
ELYGTQ	,C5
ELYGUP	,C5
ELYGUQ	,C5
ELYGUT	,C5
ELYGXP	,C5
ELYGXQ	,C5
ELYGXT	,C5
ELYGXU	,C5
ELYGXZ	,C5
ELYGZP	,C5
ELYGZQ	,C5
ELYGZU	,C5
ELYTPQ	,C5
ELYUPQ	,C5
ELYUTQ	,C5
ELYXTP	,C5
ELYXTQ	,C5
ELYXUP	,C5
ELYXUQ	,C5
ELYXUT	,C5
ELYXZP	,C5
ELYXZQ	,C5
ELYXZT	,C5
ELYXZU	,C5
ELYZPQ	,C5
ELYZTP	,C5
ELYZUQ	,C5
ELYZUT	,C5
ELZTPQ	,C5
ELZUPQ	,C5
ELZUTP	,C5
ELZUTQ	,C5
EMBWAJ	,C2
EMEUHA	,C3
EMFPLZ	,C2
EMLAEU	,C2
EMPHRR	,C3
EMUOOJ	,C2
EMXHXQ	,C3
EMXUYK	,C3
EMXZFL	,C4
EMZOMJ	,C2
ENJSXO	,C4
ENJYFG	,C2
EOFXNB	,C2
EOFXYJ	,C1
EOJJGY	,C1
EOLUBY	,C5
EOMLTB	,C3
EPFTPV	,C4
EPGAEW	,C4
EPGFVZ	,C2
EPVGAF	,C3
EPZIBD	,C4
EPZZUC	,C4
EQBIKE	,C2
EQDGDN	,C4
EQENSE	,C3
EQFDZE	,C4
EQGVAH	,C4
EQXLRC	,C1
EQZGAB	,C5
EREGAO	,C2
ERIIKA	,C3
ERJQCQ	,C4
ERPOXC	,C2
ERXQDO	,C1
ESCDKB	,C2
ESJOAN	,C2
ESPDVY	,C4
ESRFEY	,C3
ESSOKX	,C4
ESYTMN	,C2
ETBNQD	,C2
ETCOYG	,C2
ETOBZR	,C2
ETQMYF	,C2
ETXNFM	,C2
ETYWWI	,C2
EUBOIJ	,C2
EUFHKO	,C2
EUFQIQ	,C2
EUQZJA	,C2
EUTNDR	,C2
EUTTBI	,C2
EUVDXV	,C3
EUVXJT	,C2
EVCORV	,C4
EVQGJA	,C3
EVWQLB	,C4
EWBSLN	,C3
EWCRCQ	,C3
EWEIOR	,C2
EWJCJZ	,C4
EWVWDM	,C4
EWZVND	,C2
EXEUQB	,C2
EXEVDV	,C1
EXGRLL	,C4
EXJGDE	,C2
EXNWMI	,C3
EXOMQD	,C3
EXVTZU	,C2
EXZUPQ	,C5
EXZUTQ	,C5
EYDLAH	,C2
EYGTPQ	,C5
EYGUTP	,C5
EYGUTQ	,C5
EYGXPQ	,C5
EYGXTP	,C5
EYGXTQ	,C5
EYGXUP	,C5
EYGXUQ	,C5
EYGXUT	,C5
EYGXZP	,C5
EYGXZQ	,C5
EYGXZT	,C5
EYGXZU	,C5
EYGZTQ	,C5
EYGZUP	,C5
EYGZUT	,C5
EYHOCN	,C3
EYIUAQ	,C2
EYJOSH	,C4
EYUTPQ	,C5
EYXBZV	,C4
EYXDSK	,C2
EYXTPQ	,C5
EYXUPQ	,C5
EYXUTP	,C5
EYXUTQ	,C5
EYXZPQ	,C5
EYXZTP	,C5
EYXZTQ	,C5
EYXZUP	,C5
EYXZUQ	,C5
EYXZUT	,C5
EYZTPQ	,C5
EYZUPQ	,C5
EYZUTP	,C5
EYZUTQ	,C5
EZJVEM	,C1
EZMHEN	,C4
EZNLYY	,C2
EZPFWY	,C3
EZSTUN	,C2
EZZCVH	,C2
EZZMOD	,C2
FAQTTO	,C3
FAYLIF	,C2
FBGYEG	,C2
FBIHGM	,C2
FBMTSI	,C1
FBOXUY	,C3
FBZOWL	,C3
FCBFRM	,C2
FCDCJE	,C3
FCDXUO	,C3
FCHVLL	,C4
FCSKIX	,C3
FDBIHJ	,C2
FDLJCF	,C4
FDSTXT	,C1
FDTANM	,C2
FEEVED	,C2
FEMSEG	,C4
FERKAI	,C1
FFATHK	,C2
FFGIBY	,C2
FFKQXJ	,C2
FFLRCW	,C2
FFOERX	,C4
FFVBGX	,C3
FFVZMM	,C5
FGHIJL	,C2
FGHIJM	,C2
FGHIJO	,C2
FGHIJP	,C2
FGHIJQ	,C2
FGHIKL	,C2
FGHIKM	,C2
FGHIKN	,C2
FGHIKO	,C2
FGHIKQ	,C2
FGHILM	,C2
FGHILQ	,C2
FGHIMO	,C2
FGHIMQ	,C2
FGHINO	,C2
FGHINP	,C2
FGHIOP	,C2
FGHIOQ	,C2
FGHIPQ	,C2
FGHJKM	,C2
FGHJKN	,C2
FGHJKP	,C2
FGHJKQ	,C2
FGHJLM	,C2
FGHJLN	,C2
FGHJLO	,C2
FGHJLP	,C2
FGHJMN	,C2
FGHJMQ	,C2
FGHJOP	,C2
FGHKGE	,C2
FGHKLM	,C2
FGHKLN	,C2
FGHKLP	,C2
FGHKLQ	,C2
FGHKMN	,C2
FGHKMO	,C2
FGHKNP	,C2
FGHKNQ	,C2
FGHKOQ	,C2
FGHKPQ	,C2
FGHLMN	,C2
FGHLMO	,C2
FGHLMP	,C2
FGHLMQ	,C2
FGHLNO	,C2
FGHLNP	,C2
FGHLNQ	,C2
FGHLOP	,C2
FGHLOQ	,C2
FGHMNP	,C2
FGHMOP	,C2
FGHMOQ	,C2
FGHMPQ	,C2
FGHNOP	,C2
FGHNOQ	,C2
FGHYTU	,C3
FGIJKL	,C2
FGIJKM	,C2
FGIJKN	,C2
FGIJKO	,C2
FGIJKP	,C2
FGIJKQ	,C2
FGIJLP	,C2
FGIJLQ	,C2
FGIJMQ	,C2
FGIJNO	,C2
FGIJNP	,C2
FGIJNQ	,C2
FGIJOP	,C2
FGIJOQ	,C2
FGIKLM	,C2
FGIKLN	,C2
FGIKLO	,C2
FGIKLP	,C2
FGIKLQ	,C2
FGIKMN	,C2
FGIKMO	,C2
FGIKMP	,C2
FGIKNO	,C2
FGIKNP	,C2
FGIKNQ	,C2
FGIKOP	,C2
FGIKOQ	,C2
FGIKPQ	,C2
FGILMN	,C2
FGILMO	,C2
FGILMP	,C2
FGILNO	,C2
FGILNP	,C2
FGILOQ	,C2
FGILPQ	,C2
FGIMNO	,C2
FGIMNP	,C2
FGIMNQ	,C2
FGIMYQ	,C2
FGINOP	,C2
FGINOQ	,C2
FGINPQ	,C2
FGIOPQ	,C2
FGJKLM	,C2
FGJKLN	,C2
FGJKLO	,C2
FGJKLQ	,C2
FGJKMO	,C2
FGJKMP	,C2
FGJKMQ	,C2
FGJKNP	,C2
FGJKNQ	,C2
FGJLMP	,C2
FGJLMQ	,C2
FGJLNO	,C2
FGJLNP	,C2
FGJLNQ	,C2
FGJLOQ	,C2
FGJLPQ	,C2
FGJMNO	,C2
FGJMNP	,C2
FGJMOQ	,C2
FGJMPQ	,C2
FGJNOP	,C2
FGJNPQ	,C2
FGJOPQ	,C2
FGKLMN	,C2
FGKLMO	,C2
FGKLMP	,C2
FGKLMQ	,C2
FGKLNO	,C2
FGKLNP	,C2
FGKLNQ	,C2
FGKLOP	,C2
FGKLPQ	,C2
FGKMNO	,C2
FGKMOQ	,C2
FGKMPQ	,C2
FGKNOP	,C2
FGKNPQ	,C2
FGLDFW	,C2
FGLMNO	,C2
FGLMNP	,C2
FGLMNQ	,C2
FGLMOP	,C2
FGLMOQ	,C2
FGLNOQ	,C2
FGLNPQ	,C2
FGLOPQ	,C2
FGMGBX	,C4
FGMNOP	,C2
FGMNOQ	,C2
FGMNPQ	,C2
FGNOPQ	,C2
FGQDHZ	,C4
FGQGSV	,C4
FGUPZH	,C2
FHATRY	,C4
FHBZNU	,C2
FHCBHG	,C2
FHFAMW	,C5
FHIJKL	,C2
FHIJKM	,C2
FHIJKN	,C2
FHIJKO	,C2
FHIJKQ	,C2
FHIJLM	,C2
FHIJLN	,C2
FHIJLP	,C2
FHIJMN	,C2
FHIJMO	,C2
FHIJNO	,C2
FHIJNP	,C2
FHIJPQ	,C2
FHIKLM	,C2
FHIKLO	,C2
FHIKLQ	,C2
FHIKMN	,C2
FHIKMO	,C2
FHIKNO	,C2
FHIKNP	,C2
FHIKNQ	,C2
FHIKOP	,C2
FHIKPQ	,C2
FHILMO	,C2
FHILMP	,C2
FHILMQ	,C2
FHILNO	,C2
FHILNP	,C2
FHILNQ	,C2
FHILOP	,C2
FHILOQ	,C2
FHILPQ	,C2
FHIMNO	,C2
FHIMNP	,C2
FHIMNQ	,C2
FHIMOP	,C2
FHJKLM	,C2
FHJKLN	,C2
FHJKLQ	,C2
FHJKMN	,C2
FHJKMO	,C2
FHJKMQ	,C2
FHJKNO	,C2
FHJKNQ	,C4
FHJKOP	,C2
FHJLMN	,C2
FHJLMO	,C2
FHJLMQ	,C2
FHJLNP	,C2
FHJLNQ	,C2
FHJLOQ	,C2
FHJLPQ	,C2
FHJMNO	,C2
FHJMNQ	,C2
FHJMOP	,C2
FHJMOQ	,C2
FHJNOP	,C2
FHJOPQ	,C2
FHKLMN	,C2
FHKLMO	,C2
FHKLNO	,C2
FHKLNP	,C2
FHKLNQ	,C2
FHKLOP	,C2
FHKLOQ	,C2
FHLSUQ	,C2
FHTFQR	,C2
FHYIIN	,C2
FIHSWE	,C4
FINDZU	,C2
FJDFIY	,C3
FJHKSH	,C4
FJKRHT	,C2
FJOFBX	,C2
FJWHIS	,C2
FKJIEH	,C1
FKOAKB	,C3
FKVONA	,C4
FLCLNN	,C2
FLNOPQ	,C2
FLPIKO	,C2
FLPMQQ	,C1
FLULTC	,C4
FLZMDI	,C2
FMJEVM	,C4
FMVFEU	,C3
FNANYH	,C3
FNFMHX	,C2
FNNMGE	,C2
FNOEVD	,C2
FNSMKC	,C2
FOHWOU	,C2
FOLFGM	,C2
FOOWBR	,C2
FOPABO	,C3
FOQPMF	,C2
FOVPUQ	,C2
FPBZRW	,C2
FPKTTX	,C2
FPNBNI	,C5
FPQNET	,C4
FPRBFM	,C2
FQCEAB	,C3
FQNIJT	,C2
FREOVG	,C5
FRROEM	,C4
FRSVMK	,C2
FRZRRK	,C2
FSEIOH	,C2
FSZRUI	,C3
FTCPWP	,C4
FTFCYT	,C2
FTGBWD	,C2
FTHNAN	,C2
FTHNMZ	,C2
FTIHWC	,C1
FTKWWP	,C4
FTMBSO	,C1
FTXLYT	,C4
FUANEU	,C4
FUIFPW	,C1
FUNMPE	,C4
FUYSEZ	,C2
FVHAAL	,C3
FVKWDF	,C2
FVMBBS	,C2
FVRWPL	,C2
FWNOCY	,C2
FWOAMU	,C3
FWPYJH	,C2
FWRCNJ	,C3
FWSKYF	,C2
FWTFKU	,C2
FWWOQH	,C3
FXCOKY	,C4
FXIOGS	,C2
FXJTVL	,C2
FXSPYO	,C2
FXUCDI	,C4
FXYQAS	,C4
FYMRBD	,C2
FYVQQQ	,C4
FYYVBA	,C2
FZNETH	,C4
FZQJEA	,C2
FZRMWW	,C2
FZVQLR	,C3
FZWAWQ	,C2
GACJBI	,C3
GAESXZ	,C2
GAIPQL	,C2
GAIXOE	,C2
GAKQHT	,C4
GALNZL	,C2
GAMQRN	,C3
GAXFTY	,C2
GBMZNU	,C2
GBZWVH	,C2
GCCGLT	,C2
GCNAZY	,C2
GCNPHT	,C2
GCONTL	,C4
GCSKBV	,C2
GCXFXO	,C2
GDKGGU	,C4
GDLTZH	,C1
GDMWPM	,C2
GECELK	,C2
GEKCRB	,C2
GELQSZ	,C3
GEOJPD	,C4
GESMTE	,C2
GFGKYG	,C2
GFJTLU	,C3
GFRERY	,C2
GFRJNL	,C5
GFTFRR	,C1
GFXENI	,C2
GGFMEP	,C3
GGGYEN	,C3
GGOYMK	,C2
GHCJJL	,C1
GHFLXO	,C4
GHHUBW	,C2
GHHZCL	,C3
GHIJKL	,C2
GHIJKM	,C2
GHIJKN	,C2
GHIJKO	,C2
GHIJLO	,C2
GHIJLP	,C2
GHIJLQ	,C2
GHIJMN	,C2
GHIJMP	,C2
GHIJMQ	,C2
GHIJNO	,C2
GHIJNP	,C2
GHIJNQ	,C2
GHIJOP	,C2
GHIJOQ	,C2
GHIJPQ	,C2
GHIKLM	,C2
GHIKLN	,C2
GHIKLO	,C2
GHIKLP	,C2
GHIKLQ	,C2
GHIKMN	,C2
GHIKMO	,C2
GHIKMP	,C2
GHIKMQ	,C2
GHIKNO	,C2
GHIKNP	,C2
GHIKNQ	,C2
GHIKOP	,C2
GHIKOQ	,C2
GHIKPQ	,C2
GHILMN	,C2
GHILMO	,C2
GHILMP	,C2
GHILMQ	,C2
GHILNO	,C2
GHILNP	,C2
GHIMNO	,C2
GHIMNP	,C2
GHIMNQ	,C2
GHIMOP	,C2
GHIMOQ	,C2
GHIMPQ	,C2
GHINOP	,C2
GHINOQ	,C2
GHINPQ	,C2
GHIOPQ	,C2
GHJKLM	,C2
GHJKLN	,C2
GHJKLO	,C2
GHJKLP	,C2
GHJKLQ	,C2
GHJKMN	,C2
GHJKMO	,C2
GHJKNO	,C2
GHJKNQ	,C2
GHJKOP	,C2
GHJKOQ	,C2
GHJKPQ	,C2
GHJLMN	,C2
GHJLMO	,C2
GHJLMP	,C2
GHJLMQ	,C2
GHJLNO	,C2
GHJLNP	,C2
GHJLNQ	,C2
GHJLOP	,C2
GHJLOQ	,C2
GHJLPQ	,C2
GHJMNO	,C2
GHJMNP	,C2
GHJMOP	,C2
GHJMOQ	,C2
GHJNOQ	,C2
GHJNPQ	,C2
GHJOPQ	,C2
GHKLMN	,C2
GHKLMO	,C2
GHKLMP	,C2
GHKLMQ	,C2
GHKLNO	,C2
GHKLOP	,C2
GHKLOQ	,C2
GHKMNO	,C2
GHKMNP	,C2
GHKMNQ	,C2
GHKMOP	,C2
GHKMOQ	,C2
GHKMPQ	,C2
GHKNOP	,C2
GHKNOQ	,C2
GHKNPQ	,C2
GHKOPQ	,C2
GHLMNO	,C2
GHLMNQ	,C2
GHLMOP	,C2
GHLMOQ	,C2
GHLNPQ	,C2
GHLOPQ	,C2
GHMNOP	,C2
GHMNPQ	,C2
GHMOPQ	,C2
GHNOPQ	,C2
GHNPOS	,C2
GHOIYY	,C2
GHPQRH	,C2
GHSZXT	,C3
GHTFCL	,C3
GHVECM	,C3
GIGXSL	,C4
GIJKLM	,C2
GIJKLN	,C2
GIJKLO	,C2
GIJKLP	,C2
GIJKLQ	,C2
GIJKMN	,C2
GIJKMO	,C2
GIJKMP	,C2
GIJKMQ	,C2
GIJKNO	,C2
GIJKNP	,C2
GIJKNQ	,C2
GIJKOP	,C2
GIJKOQ	,C2
GIJKPQ	,C2
GIJLMN	,C2
GIJLMO	,C2
GIJLMP	,C2
GIJLMQ	,C2
GIJLNO	,C2
GIJLNP	,C2
GIJLNQ	,C2
GIJLOP	,C2
GIJLOQ	,C2
GIJLPQ	,C2
GIJMNO	,C2
GIJMNP	,C2
GIJMNQ	,C2
GIJMOP	,C2
GIJMOQ	,C2
GIJMPQ	,C2
GIJNOP	,C2
GIJNOQ	,C2
GIJNPQ	,C2
GIJOPQ	,C2
GIKJXC	,C2
GIKLMN	,C2
GIKLMO	,C2
GIKLMP	,C2
GIKLMQ	,C2
GIKLNO	,C2
GIKLNP	,C2
GIKLNQ	,C2
GIKLOP	,C2
GIKLOQ	,C2
GIKLPQ	,C2
GIKMNO	,C2
GIKMNP	,C2
GIKMNQ	,C2
GIKMOP	,C2
GIKMOQ	,C2
GIKMPQ	,C2
GIKNOP	,C2
GIKNOQ	,C2
GIKNPQ	,C2
GIKOPQ	,C2
GILHTU	,C2
GILJDH	,C2
GILMNO	,C2
GILMNP	,C2
GILMNQ	,C2
GILMOP	,C2
GILMOQ	,C2
GILMPQ	,C2
GILNOP	,C2
GILNOQ	,C2
GILNPQ	,C2
GILOPQ	,C2
GIMNOP	,C2
GIMNOQ	,C2
GIMNPQ	,C2
GIMOPQ	,C2
GIMUWV	,C3
GINOPQ	,C2
GIUBZM	,C2
GIXQQN	,C2
GJBKTP	,C5
GJENPX	,C4
GJFPKF	,C2
GJGPAG	,C3
GJKLMN	,C2
GJKLMO	,C2
GJKLMP	,C2
GJKLMQ	,C2
GJKLNO	,C2
GJKLNP	,C2
GJKLNQ	,C2
GJKLOP	,C2
GJKLOQ	,C2
GJKLPQ	,C2
GJKMNO	,C2
GJKMNP	,C2
GJKMNQ	,C2
GJKMOP	,C2
GJKMOQ	,C2
GJKMPQ	,C2
GJKNOP	,C2
GJKNOQ	,C2
GJKNPQ	,C2
GJKOPQ	,C2
GJLBBF	,C2
GJLMNO	,C2
GJLMNP	,C2
GJLMNQ	,C2
GJLMOP	,C2
GJLMOQ	,C2
GJLMPQ	,C2
GJLNOP	,C2
GJLNOQ	,C2
GJLNPQ	,C2
GJLOPQ	,C2
GJMNOP	,C2
GJMNOQ	,C2
GJMNPQ	,C2
GJMOPQ	,C2
GJNOPQ	,C2
GJNYSX	,C1
GJTXIU	,C4
GJVBOO	,C2
GJXVET	,C3
GKHAYZ	,C1
GKLLZA	,C4
GKLMNO	,C2
GKLMNP	,C2
GKLMNQ	,C2
GKLMOP	,C2
GKLMOQ	,C2
GKLMPQ	,C2
GKLNOP	,C2
GKLNOQ	,C2
GKLNPQ	,C2
GKLOPQ	,C2
GKMNOP	,C2
GKMNOQ	,C2
GKMNPQ	,C2
GKMOPQ	,C2
GKNOPQ	,C2
GLHENP	,C1
GLMNOP	,C2
GLMNOQ	,C2
GLMNPQ	,C2
GLMOPQ	,C2
GLXKPC	,C4
GLYGAX	,C5
GMCXAI	,C2
GMHNLK	,C3
GMIROI	,C3
GMQYLA	,C2
GMSOWE	,C3
GNBOLM	,C2
GNEYNQ	,C2
GNUSGV	,C4
GNVVCG	,C4
GNZHER	,C1
GOAEBR	,C5
GOKDHB	,C1
GPACGA	,C2
GPBIXP	,C3
GPCEZM	,C2
GPEXWQ	,C1
GPGUPG	,C2
GPTLXF	,C3
GQFRME	,C2
GQGVVR	,C3
GQHJQH	,C4
GQSGVG	,C3
GQUDPD	,C3
GQZKSI	,C3
GRCAMW	,C4
GRGDHP	,C3
GRLDKG	,C4
GRLOYR	,C4
GRTZEG	,C4
GSAWEB	,C3
GSEOGM	,C1
GSGJEW	,C3
GSGTNM	,C2
GSKPLA	,C4
GSLOOD	,C2
GSMZWJ	,C3
GSNQKY	,C3
GSRMPH	,C4
GTIGVT	,C3
GTPHNS	,C2
GTQWNM	,C2
GTWZSJ	,C2
GUEIQU	,C2
GUEYVD	,C3
GULFMB	,C4
GUNUGR	,C4
GUQLHY	,C3
GUXFIC	,C3
GUZFUD	,C2
GVCIEZ	,C2
GVEGQJ	,C4
GVEHSQ	,C3
GVEODH	,C2
GVHOMD	,C3
GVIDZG	,C3
GVOSJH	,C3
GVQSME	,C2
GVRIQB	,C3
GWDVVM	,C2
GWFKJR	,C3
GWGHVP	,C2
GWMATU	,C2
GWUVTK	,C2
GXABPH	,C3
GYCYJF	,C3
GYKYOF	,C2
GYPEZW	,C4
GYPNLU	,C2
GZEWNQ	,C2
GZQVEV	,C2
GZRFBE	,C2
HADCUU	,C1
HADREQ	,C2
HAGSWB	,C2
HAJUDF	,C2
HALGUH	,C2
HANHSV	,C2
HATFWR	,C2
HAZWWS	,C4
HBNWVO	,C4
HBTNIS	,C2
HBYESI	,C2
HBZYWB	,C3
HCJLLL	,C1
HCMLLM	,C4
HCWASJ	,C2
HCZGJI	,C4
HDENHH	,C2
HDIQEJ	,C3
HDIQQK	,C3
HDLHPP	,C2
HDQWME	,C2
HDYLFD	,C2
HEHOSR	,C3
HELYUQ	,C3
HEWZPQ	,C1
HFCORQ	,C2
HFILJI	,C2
HFKJUJ	,C2
HFXCAF	,C4
HGAWXS	,C2
HGRXJA	,C4
HGXUGO	,C3
HHAOPM	,C1
HHASVC	,C4
HHCJEV	,C3
HHDTVX	,C3
HHJALR	,C2
HHNSIG	,C3
HHPSOC	,C2
HHQOHB	,C3
HIGBBU	,C3
HIJKLM	,C3
HIJKLN	,C3
HIJKLP	,C3
HIJKLQ	,C3
HIJKMN	,C3
HIJKMO	,C3
HIJKMP	,C3
HIJKNO	,C3
HIJKNQ	,C3
HIJKOP	,C3
HIJKPQ	,C3
HIJLMO	,C3
HIJLNP	,C3
HIJLOP	,C3
HIJLOQ	,C3
HIJMNO	,C3
HIJMNP	,C3
HIJMNQ	,C3
HIJMOP	,C4
HIJMOQ	,C3
HIJNOP	,C3
HIJNOQ	,C3
HIJNPQ	,C3
HIKLMN	,C3
HIKLMP	,C3
HIKLMQ	,C3
HIKLNP	,C3
HIKLNQ	,C3
HIKLOQ	,C3
HIKMNO	,C3
HIKMNQ	,C3
HIKMOP	,C3
HIKMOQ	,C3
HIKMPQ	,C3
HIKNOP	,C3
HIKNPQ	,C3
HILMNO	,C3
HILMNQ	,C3
HILMOP	,C3
HILMPQ	,C3
HILNOP	,C3
HILNOQ	,C3
HILOPQ	,C3
HIMLSH	,C1
HIMNOQ	,C3
HIMNPQ	,C3
HJBRMN	,C1
HJKLMP	,C3
HJKLMQ	,C3
HJKLNO	,C3
HJKLNP	,C3
HJKLNQ	,C3
HJKLOP	,C3
HJKLOQ	,C3
HJKLPQ	,C3
HJKMNP	,C3
HJKMOP	,C3
HJKMOQ	,C3
HJKNPQ	,C3
HJKOPQ	,C3
HJLBYL	,C1
HJLMNP	,C3
HJLMOP	,C3
HJLMOQ	,C3
HJLMPQ	,C3
HJLNOQ	,C3
HJLNPQ	,C3
HJLOPQ	,C3
HJMNOP	,C3
HKHOAS	,C2
HKKEWV	,C5
HKLMNQ	,C3
HKLMOP	,C3
HKLNPQ	,C3
HKMNOP	,C3
HKMNPQ	,C3
HKMOPQ	,C3
HKNOPQ	,C3
HLEDIE	,C3
HLMNOP	,C3
HLMNOQ	,C3
HLMNPQ	,C3
HLMOPQ	,C3
HLNOPQ	,C3
HLZKNJ	,C3
HMNOPQ	,C3
HMPIPU	,C3
HMPOFW	,C2
HMSGNM	,C3
HMTBBP	,C3
HNBQYV	,C3
HNOWCY	,C2
HNUBQA	,C2
HOEFJZ	,C2
HOMOGK	,C2
HOQKBR	,C2
HPFQNM	,C3
HPFXAO	,C3
HPYCAL	,C2
HQGZWC	,C3
HQROZV	,C2
HQXBNK	,C1
HRBJPI	,C2
HRRDWU	,C4
HSFUMD	,C3
HSQXSF	,C2
HSUSND	,C2
HTLHBI	,C2
HTOCJV	,C2
HTPZDX	,C2
HTVEZE	,C4
HUFHKW	,C2
HUMCWG	,C4
HUOREL	,C3
HUSDUB	,C2
HUZJQU	,C2
HVEFDL	,C2
HVIVLI	,C2
HVQLUX	,C4
HVWPQA	,C1
HWRRZG	,C3
HWSIGK	,C4
HWYLNE	,C2
HXADXP	,C3
HXCWFD	,C3
HXEIFJ	,C2
HXEWRF	,C2
HXFHZD	,C3
HXHLQW	,C2
HXLPIH	,C2
HXVPWD	,C2
HXWZHQ	,C2
HXXTTT	,C5
HYBSUD	,C2
HYCSRL	,C3
HYGGYH	,C2
HYKDMN	,C1
HYOBHJ	,C1
HYWNOX	,C2
HZCMXV	,C5
HZCUCM	,C5
HZHQEV	,C4
IAFZTH	,C1
IAHNLR	,C2
IAPCDC	,C2
IAWEAN	,C2
IAXEKW	,C2
IBFTLA	,C3
IBOMEE	,C2
ICAAUG	,C2
ICEBDT	,C2
ICJLCU	,C2
ICMJTG	,C3
ICMTFO	,C1
ICSCHH	,C3
IDMDBS	,C3
IEBMSM	,C2
IEHDDB	,C2
IENJBN	,C3
IENRWZ	,C3
IFBERG	,C4
IFEWVX	,C2
IFIRPI	,C5
IFTKQN	,C1
IFVCSF	,C1
IGIHJH	,C3
IGKSCS	,C2
IGQAYN	,C2
IHBPEH	,C2
IHDKEX	,C2
IHEJXU	,C1
IHJKQG	,C3
IHJXHA	,C3
IHTFNW	,C3
IIMDYR	,C4
IINFNN	,C2
IJISZK	,C1
IJMZQH	,C2
IJRFFE	,C4
ILDDKE	,C2
ILFGSG	,C1
ILHMAT	,C2
ILVTAV	,C2
IMCZLB	,C4
IMLZGQ	,C2
IMMGEU	,C4
IMTMPX	,C2
INXOZB	,C3
INYKRQ	,C1
IOFLTH	,C3
IOLSUR	,C3
IOPRRW	,C2
IPDFMR	,C4
IPHQHL	,C2
IPPTAA	,C2
IPWHNH	,C5
IPXWNY	,C4
IQBDYI	,C4
IQCMRG	,C3
IQCXHG	,C3
IQHEJA	,C3
IQOHTK	,C3
IQQAHW	,C1
IQQMRX	,C2
IQQPNV	,C2
IQQXJA	,C1
IRDOFQ	,C2
IRDYWJ	,C3
IRIUOC	,C3
IRNSLF	,C3
IRPUXP	,C2
IRSJYJ	,C2
IRVNWL	,C2
ISEIOX	,C2
ISHPID	,C1
ISIRCD	,C2
ISQUFN	,C2
ISTNEZ	,C5
ISZQTH	,C3
ITDZSY	,C2
ITEUJX	,C3
ITIRJZ	,C4
ITJCIN	,C2
ITPBPA	,C4
ITPOMC	,C2
ITRKXL	,C3
IUCOSD	,C2
IUGIMN	,C1
IUHYPC	,C2
IUJHZQ	,C2
IUMEKP	,C3
IUNLVM	,C4
IUVVST	,C2
IUZVVA	,C3
IVFYON	,C2
IVRTCX	,C5
IVVDEV	,C2
IVWXAU	,C2
IWAHUN	,C4
IWLCSI	,C2
IWRBBS	,C2
IWRHGP	,C1
IWYJHC	,C1
IWYUHX	,C3
IXSIXY	,C3
IXWJPZ	,C4
IYBUAM	,C2
IYSHBW	,C4
IYZSQY	,C2
IZDDAU	,C4
IZLVTV	,C5
JABSHG	,C2
JAMZCD	,C2
JAMZUR	,C4
JAQXAZ	,C2
JAVTHA	,C2
JAYHKI	,C3
JBFZZZ	,C2
JBGKIV	,C3
JBHZKZ	,C1
JBZFNI	,C4
JCCWFB	,C2
JCQELU	,C3
JCSGXI	,C1
JCTUCT	,C3
JCXQCA	,C2
JDBZJJ	,C2
JEALOP	,C4
JEVOFJ	,C4
JFBDYT	,C2
JFJVSI	,C2
JFKQBW	,C2
JFPBXH	,C2
JGEJSY	,C3
JHLJKB	,C3
JHLRAD	,C2
JHVXYC	,C2
JHWVEG	,C2
JHYOQN	,C2
JIGLZG	,C4
JIHYYX	,C3
JIQBDI	,C3
JIWBXB	,C2
JIWKBH	,C3
JIYIVT	,C3
JJAOSO	,C2
JJCVLC	,C2
JJELJA	,C2
JJWTSE	,C2
JJYIXX	,C1
JKBHKW	,C2
JKDQQM	,C4
JKHVJV	,C5
JKLMNO	,C5
JKLMNQ	,C5
JKLMOQ	,C5
JKLNOP	,C5
JKLNOQ	,C5
JKLOPQ	,C5
JKMNOP	,C5
JKMNPQ	,C5
JKMOPQ	,C5
JKPBWK	,C2
JLJEZJ	,C2
JLLFTZ	,C3
JLMAEF	,C4
JLMNOP	,C5
JLMNOQ	,C5
JLMNPQ	,C5
JLMOPQ	,C5
JLOASP	,C3
JLPPAA	,C2
JLUIXE	,C5
JMCPZS	,C2
JMCSVT	,C2
JMFYPB	,C3
JMGKFS	,C2
JMGZSG	,C3
JMJCLS	,C3
JMMSJW	,C4
JMPFCO	,C2
JMSBZH	,C3
JMTBLI	,C2
JMTKKQ	,C3
JMWAFD	,C2
JNJLNQ	,C2
JNOWJG	,C2
JOHNTF	,C1
JOLAIH	,C4
JOQYDS	,C3
JOWKLN	,C1
JPFUMW	,C2
JPISDY	,C3
JPVXOH	,C2
JQAPZJ	,C2
JQDFHC	,C2
JQMVRZ	,C2
JQQXPK	,C2
JQRBLH	,C3
JQVEHR	,C2
JRJOJE	,C3
JRNPLC	,C2
JROJMF	,C2
JRSSMU	,C2
JRXUUS	,C2
JSYYXH	,C4
JTECZE	,C2
JTTDXB	,C3
JTUQLK	,C1
JTZSHC	,C3
JTZXBU	,C2
JUIQPV	,C4
JUJJAF	,C2
JUVOCP	,C4
JUVTSL	,C2
JUWIWX	,C3
JUWXPN	,C1
JVAEHZ	,C1
JVTJWB	,C4
JVXWFB	,C3
JWKKZO	,C2
JWLADZ	,C3
JWQHYS	,C2
JWTBVF	,C4
JWUOFN	,C2
JWXUNM	,C2
JXBCZL	,C2
JXCNGP	,C2
JXNUUS	,C3
JYHKXQ	,C2
JYJOXD	,C2
JYRBSL	,C2
JYTZHP	,C3
JYXRSB	,C1
JZDGPB	,C4
JZHXSW	,C4
JZLENF	,C2
JZNYDQ	,C2
JZXNJL	,C3
JZYTHA	,C1
KABCDZ	,C4
KADVOR	,C2
KAFEYP	,C2
KANHTX	,C3
KBDATO	,C2
KBGRHY	,C4
KBHJND	,C2
KCDOBP	,C2
KCKRZS	,C4
KCOZWF	,C2
KCSCOP	,C2
KCYPMX	,C4
KDBTAJ	,C3
KDELXJ	,C2
KDKMIC	,C2
KDKPJK	,C5
KDQVSO	,C2
KDSHJO	,C3
KDUGQT	,C2
KDXLJW	,C3
KECYLD	,C4
KEMLNO	,C1
KEVJZJ	,C2
KFHDVC	,C4
KFHUFE	,C4
KFJPFN	,C3
KFKPDI	,C2
KFQYLB	,C1
KFZDIT	,C3
KGCIJO	,C3
KGGAZJ	,C2
KGOVHJ	,C2
KGSANG	,C2
KHCCSF	,C3
KHCHBS	,C1
KHFAEV	,C4
KHTDZV	,C3
KHTODH	,C3
KIEYDK	,C4
KIFYUF	,C2
KINDXO	,C2
KIRUPS	,C2
KJDRAL	,C3
KJFRAP	,C3
KJIVQZ	,C3
KJNYUN	,C2
KJWEBP	,C2
KJXMKO	,C3
KJXXGJ	,C4
KJZCAU	,C4
KKAHOG	,C1
KKAUXO	,C5
KKGJCQ	,C2
KKROAS	,C2
KKUVHU	,C2
KLHXKU	,C3
KLLAST	,C2
KLLUUQ	,C2
KLUBLQ	,C4
KMBNZA	,C2
KMDYBV	,C2
KMGFQA	,C4
KMIPEL	,C2
KMMLSQ	,C3
KMQCFO	,C2
KMSODZ	,C5
KMWCXF	,C3
KNACBN	,C2
KNEJAY	,C2
KNFEVB	,C2
KNHDGR	,C1
KNJOIZ	,C2
KNKIFU	,C3
KNLYIB	,C2
KNMJHT	,C3
KNMMLP	,C2
KNWRIA	,C2
KOEDQH	,C5
KOFQXQ	,C3
KOHMMK	,C3
KOJDOT	,C4
KOOPET	,C3
KOWPIO	,C1
KPBPFR	,C2
KPDBES	,C2
KPFAVM	,C2
KPXVXX	,C3
KPZWMO	,C2
KQFUIX	,C2
KQJZTH	,C1
KQKULX	,C2
KQOFPA	,C2
KQQMTU	,C2
KQSAYF	,C2
KQZPWJ	,C2
KQZZGB	,C2
KRKRES	,C3
KRTQXT	,C4
KRZLWV	,C2
KSCCUA	,C2
KSOMPU	,C3
KTAUFW	,C1
KTJNQV	,C2
KTLHBS	,C2
KTRWMR	,C1
KTVAYA	,C2
KTVGRR	,C2
KULWQU	,C3
KUQACK	,C3
KUUZDT	,C1
KVAARQ	,C2
KVARLT	,C3
KVNBDE	,C1
KVTZGE	,C3
KVZZNB	,C1
KWAUGY	,C2
KWHCQZ	,C1
KWHWGR	,C3
KWITGJ	,C2
KWLJFU	,C1
KWXQBN	,C4
KXDRSS	,C5
KXFQWR	,C3
KXRCLG	,C2
KXYYVG	,C2
KYAYYK	,C2
KYFNQK	,C2
KYMUYX	,C2
KYOZQO	,C3
KYRLDR	,C4
KZFAOP	,C2
KZFGSS	,C3
KZFRYQ	,C4
KZVQST	,C4
KZYHLD	,C1
KZYHLT	,C1
KZYHMD	,C1
KZYHML	,C1
KZYHMO	,C1
KZYHMP	,C1
KZYHMR	,C1
KZYHOD	,C1
KZYHOR	,C1
KZYHOT	,C1
KZYHPD	,C1
KZYHPR	,C1
KZYHPT	,C1
KZYXHD	,C1
KZYXHT	,C1
KZYXLO	,C1
KZYXLP	,C1
KZYXLR	,C1
KZYXMD	,C1
KZYXMO	,C1
KZYXMP	,C1
KZYXMT	,C1
KZYXOD	,C1
KZYXOT	,C1
KZYXPR	,C1
KZYXPT	,C1
KZYXRD	,C1
KZYXRT	,C1
LALDTQ	,C1
LANHXE	,C2
LASOQD	,C1
LAWZAM	,C1
LAXDYZ	,C1
LBADFG	,C3
LBADFI	,C3
LBADFM	,C3
LBADFN	,C3
LBADFX	,C3
LBADGI	,C3
LBADGM	,C3
LBADGN	,C3
LBADGO	,C3
LBADGX	,C3
LBADGZ	,C3
LBADIM	,C3
LBADIN	,C3
LBADIO	,C3
LBADIX	,C3
LBADIY	,C3
LBADXM	,C3
LBADXN	,C3
LBBQLW	,C3
LBGUFA	,C1
LBJFIT	,C1
LBTAVJ	,C2
LBUGIM	,C2
LCKBCI	,C4
LCSLZS	,C3
LDDXVS	,C2
LDKVOT	,C1
LDPQWR	,C2
LEAEPR	,C3
LEGRKJ	,C4
LEHETX	,C3
LEOAVQ	,C3
LETUKN	,C2
LEYHSO	,C5
LFHRGR	,C4
LFHRQJ	,C2
LFJMLP	,C3
LFLYJD	,C2
LFMSAU	,C2
LFWSXD	,C2
LFZTXJ	,C2
LGIMZW	,C4
LGSARI	,C2
LGVEBU	,C4
LGVNRE	,C3
LGYSUY	,C1
LHGFGM	,C2
LHOVEH	,C2
LHYFMA	,C2
LILJTB	,C2
LIRRAJ	,C3
LJBLKR	,C2
LJDWEO	,C2
LJMSEL	,C4
LJRYCH	,C2
LJTDAR	,C4
LJTEVA	,C2
LJWSJB	,C4
LKDYVP	,C2
LKJPKB	,C3
LKMYMS	,C3
LKRQHW	,C2
LKSKWW	,C2
LKSQQD	,C2
LKUCVE	,C3
LKVKCT	,C2
LKVKLM	,C3
LLLPXK	,C2
LLMHFM	,C2
LLSNAC	,C4
LMEGHS	,C3
LMJSGX	,C2
LMOBPJ	,C1
LMQBNM	,C2
LMUNNY	,C2
LMZHOR	,C4
LMZSCJ	,C2
LNALVX	,C2
LNBLFY	,C2
LOALLW	,C1
LODYGC	,C2
LOKNMK	,C4
LOOYRV	,C2
LORQIH	,C2
LOTCVK	,C2
LOTLXU	,C3
LOVGSJ	,C3
LPAHGF	,C5
LPQWJF	,C2
LPUBOG	,C1
LPYDTM	,C2
LQFFYG	,C2
LQHSSU	,C4
LQNFKS	,C3
LQUVOI	,C2
LQUWYD	,C2
LQXTMS	,C2
LRGTWQ	,C2
LRJWYG	,C1
LRRBKD	,C2
LRSWHM	,C3
LRWCUP	,C2
LRXAWW	,C1
LSBHIJ	,C2
LSGWJZ	,C4
LSJOFY	,C4
LSMFEU	,C3
LTCBJP	,C4
LTKONM	,C2
LTWTNF	,C4
LUKIBM	,C2
LUZCWY	,C3
LVAQZR	,C2
LVGGQE	,C3
LVIFBO	,C1
LVJXHB	,C2
LVOBZI	,C3
LVQKAN	,C2
LWAKGF	,C3
LWLZGT	,C2
LWMOEQ	,C2
LWOBNX	,C2
LXGDUS	,C2
LXODBV	,C1
LXXWZD	,C2
LXYHVD	,C1
LYIHGV	,C1
LYIZXV	,C4
LYTLRZ	,C2
LYUQUH	,C1
LZHWGG	,C2
LZHZKD	,C2
LZIJFB	,C2
LZIVFL	,C3
LZSRWP	,C3
LZWEBD	,C2
LZWJFA	,C2
MAHFUD	,C2
MAMFQR	,C3
MAWHGS	,C2
MAYKFX	,C3
MBJLYM	,C1
MBOAAW	,C3
MCGVPJ	,C4
MCIOXY	,C2
MCJCJK	,C2
MCUGWU	,C1
MDCHTA	,C5
MDKXOU	,C2
MDRBEW	,C3
MDVREZ	,C3
MDWLVP	,C2
MEGGRW	,C2
MERTQC	,C4
MFELKQ	,C3
MFNELP	,C2
MFWIOQ	,C2
MFXODL	,C2
MGDAUU	,C2
MGHHWQ	,C1
MGQUXQ	,C3
MGQWWX	,C5
MGVNYH	,C2
MGVUGB	,C1
MGZWPL	,C3
MHAKHN	,C4
MHFIXD	,C2
MHPAEP	,C2
MHQXYY	,C1
MHTUOR	,C2
MHWRLJ	,C3
MHXBSJ	,C2
MIBOSB	,C3
MICZHY	,C2
MIDEFT	,C3
MINUHW	,C2
MIPUSV	,C3
MIZUTF	,C2
MJERHH	,C2
MJESXN	,C1
MJIVDK	,C2
MJNXCK	,C3
MJWEIA	,C2
MJXLXY	,C2
MJYGXO	,C3
MJYVRZ	,C2
MKMTFL	,C3
MKPCGZ	,C1
MKTQAT	,C2
MKUJUT	,C4
MLFSDO	,C4
MLGAPC	,C2
MLGOYA	,C3
MLHFQP	,C2
MLHVRV	,C2
MLORMY	,C2
MLSZIU	,C2
MMKRBX	,C2
MMMADH	,C4
MMTLNB	,C2
MMVQXV	,C1
MMWQLP	,C2
MNAITX	,C2
MNANGZ	,C2
MNDLRS	,C4
MNHJJJ	,C1
MNPSFR	,C2
MNSQAX	,C3
MNTLJD	,C2
MNVHFC	,C2
MOEZWT	,C4
MOIJYX	,C3
MPZYGB	,C2
MQCVOV	,C3
MQEOGZ	,C4
MQONWU	,C3
MQRHFA	,C4
MQRKXC	,C2
MRANOK	,C4
MRBEEX	,C2
MRDNES	,C3
MRIKGE	,C3
MRNWWA	,C4
MRSUHZ	,C2
MRTLRW	,C3
MRWYXP	,C3
MRXGXT	,C4
MRXMQR	,C3
MSDAHV	,C3
MSEAIG	,C1
MSHVWW	,C2
MSKAFF	,C3
MTBSFJ	,C3
MTMRZX	,C3
MTODLG	,C2
MTRMNQ	,C1
MTWTUP	,C3
MUAJKO	,C2
MUBCTN	,C2
MUFTQQ	,C1
MUQMTE	,C2
MUWHST	,C2
MVDMGP	,C2
MVDUKX	,C2
MVOSPA	,C2
MVQDLQ	,C1
MWFGSS	,C1
MWHUNK	,C2
MWKYKJ	,C2
MWNJWG	,C2
MWOTGD	,C2
MWRTIY	,C3
MWUSLV	,C2
MWZEJR	,C2
MXAZNI	,C3
MXBHOC	,C2
MXCDPT	,C2
MXLSHH	,C1
MXMKIZ	,C2
MXNAGM	,C2
MXQDTX	,C4
MYTBYA	,C4
MYUKFC	,C2
MYZNCA	,C2
MZEOZF	,C2
MZLQCP	,C2
MZSTBR	,C3
MZXGVC	,C1
MZXIDF	,C2
MZXJJJ	,C2
MZYPGH	,C2
NABDUR	,C2
NAEXDX	,C4
NAGLRP	,C1
NAHHLE	,C3
NAHRED	,C1
NARJGS	,C3
NASFMK	,C2
NBJNFD	,C2
NBQKBQ	,C2
NBQZIR	,C2
NBXNGB	,C2
NBZAWR	,C2
NBZRDF	,C3
NCEVHK	,C2
NCKWXT	,C5
NCLXWE	,C3
NCQCJJ	,C4
NCROQU	,C3
NCXHJS	,C2
NCYHKV	,C2
NDIFNA	,C3
NDLAZJ	,C2
NDRMNO	,C3
NDZGKX	,C3
NELRZD	,C2
NEPHAZ	,C2
NESNUI	,C1
NEWXDG	,C2
NFERSX	,C3
NFFNXI	,C4
NFIJMF	,C3
NFRDLK	,C2
NFYHSW	,C4
NGWZII	,C3
NHPNTD	,C2
NIETXT	,C2
NIWTAO	,C2
NIWVCH	,C3
NIXLJH	,C1
NIZYFU	,C2
NJMULB	,C2
NKDZVI	,C3
NKGKUO	,C4
NKGOZC	,C3
NKJKDS	,C4
NKNAMP	,C2
NKOCYV	,C3
NKPPDD	,C4
NKTKJE	,C3
NLEDGQ	,C2
NLGGHM	,C4
NLGJBZ	,C2
NLGNGE	,C1
NLKARL	,C3
NLLMHW	,C3
NLMRDH	,C2
NLOOLA	,C2
NLQUKB	,C4
NLSQTJ	,C2
NLUJUH	,C2
NMNBYZ	,C3
NMNMSO	,C4
NMNWDH	,C3
NMYUSM	,C3
NNHRNA	,C2
NNHTFN	,C1
NNKFIF	,C3
NNMGRC	,C2
NNPKCQ	,C3
NNSVNJ	,C2
NNVXPN	,C1
NOOSMW	,C3
NORSLV	,C2
NOVIRU	,C2
NOWCQV	,C2
NPKAKB	,C2
NPOWWX	,C4
NPQAVF	,C3
NPSNZF	,C5
NPTYTL	,C2
NPULSA	,C2
NPVOLS	,C2
NQDXRS	,C2
NRFEOE	,C2
NRFEOH	,C1
NRPCJN	,C2
NRVHFS	,C2
NRXXUY	,C2
NSCAFI	,C3
NSIJDM	,C2
NSKOUQ	,C2
NSLNKC	,C3
NSXEHQ	,C2
NTGPBX	,C2
NTKHIB	,C4
NTKVEF	,C4
NTXCTR	,C1
NUERWD	,C3
NUMDRX	,C3
NUXRLO	,C1
NVBNNK	,C2
NVJCPY	,C3
NVLQUN	,C2
NVRXCJ	,C2
NWFPTG	,C3
NWFYLE	,C2
NWHWQW	,C2
NWPJUZ	,C2
NWPZPO	,C1
NWWEAE	,C5
NWZSOU	,C3
NXBQUH	,C1
NXFBQH	,C2
NXITOY	,C5
NXLRDP	,C3
NXPZGL	,C4
NXXGKU	,C2
NYAIBJ	,C3
NYEDKR	,C1
NYFYJG	,C2
NYKPGR	,C4
NYNJCV	,C2
NYNQOJ	,C4
NYTMKU	,C3
NYUIIO	,C1
NYVTPJ	,C3
NYYCES	,C2
NYYXAM	,C1
NZUXNS	,C2
NZXDOY	,C1
OAHTWF	,C2
OANDAX	,C2
OAXPYL	,C2
OAXWJF	,C1
OBLUZN	,C1
OBXIXG	,C2
OCETJX	,C2
OCVYJG	,C4
OCXLUW	,C2
OCXSVJ	,C2
ODBRSM	,C2
ODFHUO	,C1
ODKVRW	,C4
ODMJYH	,C2
ODVJYZ	,C3
ODXCST	,C1
OEJKAZ	,C3
OEKHGE	,C1
OEPXTI	,C2
OFAPRJ	,C1
OFCOND	,C3
OFGQJI	,C3
OFVDAU	,C2
OGKFOA	,C2
OGMVRG	,C2
OGPJZE	,C2
OGRIGX	,C4
OHBAAP	,C2
OHGWMJ	,C2
OHNFZO	,C2
OHURMZ	,C1
OHXAQU	,C3
OIFDCC	,C1
OIKDLA	,C1
OITQMW	,C1
OIXBWQ	,C2
OJBSCH	,C3
OJWCMZ	,C2
OJXHXW	,C4
OKANNT	,C4
OKBRNM	,C4
OKCUKD	,C3
OKEGXR	,C2
OKKYHI	,C2
OKOOOI	,C2
OKQQTP	,C5
OKRYES	,C3
OKVCKH	,C3
OLCDXU	,C4
OLFDKL	,C3
OLFHES	,C3
OLKBPI	,C4
OLKIEF	,C3
OMCUAO	,C1
OMTGHY	,C3
OMXCTQ	,C2
OMYFER	,C4
ONEORL	,C1
ONPQPK	,C2
ONVWAD	,C4
ONXHJG	,C5
ONZUQM	,C2
OOEXLT	,C3
OOMXZX	,C2
OOONDZ	,C2
OOORWL	,C3
OOZLGB	,C3
OPAZJY	,C4
OPFDTU	,C3
OPNISE	,C1
OPOABP	,C2
OPPWCR	,C2
OPUDDY	,C1
OQDYEF	,C3
OQERHP	,C2
OQFKIM	,C3
OQOTFU	,C1
OQSFVL	,C3
OQVEQT	,C1
ORHQEJ	,C2
ORIPKV	,C3
ORJAXK	,C2
OROPFH	,C2
OROZAI	,C3
OSBKFZ	,C2
OSPLTY	,C1
OSYKNV	,C3
OTAFZV	,C2
OTBDUD	,C1
OTBWVA	,C2
OTCPOF	,C1
OTEFVZ	,C3
OTKPBH	,C2
OTNZRN	,C3
OTPDRQ	,C2
OTQSHK	,C4
OTYJIV	,C2
OTYTVD	,C1
OTZCXU	,C3
OTZOJM	,C2
OUHIYL	,C2
OUSGXM	,C2
OUTUYU	,C3
OUUPKQ	,C1
OVDOFQ	,C4
OVEIBA	,C3
OVJQKK	,C3
OVMIQR	,C2
OVQIXE	,C3
OVQKYV	,C3
OVUUGN	,C4
OWGSDN	,C2
OWOLDD	,C4
OWPCDV	,C2
OWVJGV	,C2
OXAEQL	,C2
OXBKBK	,C4
OXMCDU	,C3
OYCFVQ	,C3
OYRXCN	,C3
OYYUGI	,C2
OYZAXG	,C5
OZFJRP	,C1
OZILRV	,C2
OZKVEE	,C2
OZMRLR	,C3
OZWSQO	,C4
OZZFDK	,C2
OZZODC	,C4
PAQIJO	,C2
PAQNJG	,C2
PAZNEH	,C5
PBAJMG	,C2
PBJJCI	,C2
PBJOOQ	,C2
PBNZRL	,C2
PBTZXH	,C3
PBVSRE	,C3
PCARSE	,C4
PCFLKO	,C2
PCLYPV	,C2
PCQPAM	,C2
PCSNTT	,C3
PDEYIP	,C3
PDSWSI	,C1
PDXIVN	,C2
PDYWZF	,C2
PEULJU	,C5
PEZLKP	,C3
PFFDNK	,C2
PFFEAV	,C2
PFKSDU	,C2
PGBJNM	,C3
PGFLBW	,C2
PGGAQT	,C2
PGGPGE	,C2
PGHLQL	,C3
PGHQBD	,C4
PGPBVI	,C3
PGZIFL	,C2
PHDYCH	,C2
PHJAGO	,C2
PHSTYF	,C1
PHXCIL	,C2
PHYLYA	,C4
PIAWTO	,C4
PIEOWM	,C4
PIGSOX	,C2
PIGVER	,C4
PIIMLV	,C1
PIKQHE	,C1
PILNMC	,C2
PIXEEG	,C3
PIXWFC	,C4
PJBAQV	,C2
PJETVP	,C5
PJPJTH	,C2
PKWZOF	,C1
PLASAE	,C2
PLAWHB	,C2
PLBOCH	,C3
PLDLOW	,C2
PLOYZZ	,C4
PMJCKL	,C1
PMMROV	,C2
PMPBPC	,C3
PNLPVK	,C3
PNOKMK	,C2
PNSKKN	,C3
POBQEV	,C2
POOFUV	,C2
POOMKX	,C2
POZHBU	,C3
PPGZHC	,C4
PPIHOC	,C2
PPVAVK	,C1
PQDNCB	,C2
PQJVAT	,C4
PQPCPP	,C2
PRCUJC	,C2
PRESCX	,C4
PRVIWR	,C3
PRYAIP	,C1
PSHQRL	,C2
PSIOBV	,C4
PSMCXM	,C3
PSPGRR	,C1
PSUDKY	,C2
PTBSWC	,C4
PTMJMS	,C3
PTMZQW	,C4
PTVQTJ	,C4
PTXVVN	,C2
PTZYYL	,C2
PUAPXV	,C2
PUSQCB	,C3
PUTZUR	,C2
PUXYQS	,C1
PVBCYJ	,C2
PVCNYR	,C2
PVHATH	,C3
PVJHID	,C3
PVNILZ	,C3
PVOUQP	,C2
PVTCUF	,C2
PVYCXE	,C2
PVZDTG	,C2
PVZLAO	,C4
PWDYSO	,C2
PWIFRI	,C2
PWMTGZ	,C3
PWPHCE	,C2
PWQDLU	,C2
PWUPDA	,C2
PXCZFR	,C3
PXGQBZ	,C2
PXPVXK	,C3
PXQHKI	,C2
PXUIQI	,C3
PXZDYO	,C1
PYBYHK	,C2
PYCABX	,C1
PYKXPH	,C2
PYLEDS	,C3
PYPHHG	,C2
PYRERK	,C1
PYVRWV	,C1
PYWMLQ	,C3
PZAVLE	,C2
PZELMD	,C1
PZMLLL	,C2
PZTTZI	,C3
PZWSND	,C3
PZXPGU	,C3
QABDIM	,C1
QAKILK	,C1
QALXSW	,C2
QARWNY	,C2
QASSXL	,C3
QATGYW	,C2
QAWHGE	,C1
QBAKLE	,C3
QBBDWL	,C5
QBDLDQ	,C2
QBFPCC	,C2
QBHLIA	,C3
QBINRU	,C3
QBOOYQ	,C2
QBQUFQ	,C5
QBWHVZ	,C2
QCBLTH	,C2
QCCRGS	,C2
QCHTIS	,C3
QCIOAM	,C1
QCJHTJ	,C5
QCJRWF	,C4
QCNBFP	,C2
QCPWWV	,C3
QCSTTL	,C2
QDCZPG	,C1
QDIAQU	,C2
QDOWFA	,C3
QDXLWC	,C2
QECLUR	,C2
QECQOG	,C3
QELIPH	,C2
QERTKZ	,C2
QEUXDG	,C2
QEUXUM	,C2
QFSIRC	,C2
QFSOOI	,C2
QFSUGU	,C3
QFSVLC	,C2
QFUJNN	,C2
QFVNRM	,C2
QFYEWL	,C4
QGATVV	,C1
QGEDSQ	,C3
QGKGUI	,C3
QGPMMG	,C2
QGQBZV	,C2
QGVANA	,C3
QGXZUM	,C2
QGYOZI	,C4
QHHRBV	,C4
QHLVZV	,C1
QHSHIU	,C2
QIBMUW	,C3
QIEARB	,C2
QILDDC	,C2
QIMQFZ	,C2
QJLJGR	,C2
QKFWMZ	,C2
QKGSXL	,C4
QKHDDN	,C3
QKJTDR	,C4
QKMWIF	,C1
QLGCIM	,C2
QLMCEB	,C2
QLWBRH	,C4
QLZJZS	,C2
QMFEAV	,C2
QMNUEO	,C1
QMQEUU	,C2
QMTHAH	,C3
QMTJTH	,C3
QMXKKZ	,C4
QMYPAA	,C2
QMYRUG	,C3
QNBTZQ	,C4
QNHEYG	,C2
QNKHOH	,C4
QNPDUP	,C2
QNUJBQ	,C2
QNUSHY	,C2
QNVTIH	,C2
QOCETI	,C4
QONIAN	,C2
QOOZTD	,C2
QOQQBE	,C4
QORNKB	,C1
QPHWIC	,C2
QPIUKS	,C2
QPWCCI	,C2
QQITHC	,C3
QQJSZR	,C4
QQLDVC	,C1
QQVNUB	,C2
QQYKHK	,C2
QQYNEU	,C2
QRQTOD	,C2
QRSMHU	,C4
QSJHGH	,C2
QSKGCC	,C3
QSUCEH	,C2
QSWKQE	,C2
QTDCMM	,C3
QTHBPQ	,C4
QTKMLC	,C2
QTOHEH	,C3
QUBIBB	,C4
QUNKWO	,C3
QUSVGL	,C3
QUXGUU	,C4
QVCZKP	,C2
QVDSOQ	,C2
QVFAMS	,C1
QVINOC	,C2
QVSOOV	,C1
QWASFJ	,C3
QWCZTD	,C3
QWMXLI	,C4
QWOXRO	,C5
QWSCYZ	,C2
QWWSGF	,C1
QWZHKR	,C2
QXFTGK	,C2
QXHHHL	,C1
QXHMKH	,C2
QXKZKN	,C3
QXRJCC	,C2
QXTBWD	,C2
QXZRYO	,C2
QYDEOK	,C1
QYDMEF	,C2
QYDVDK	,C3
QYGMOW	,C4
QYSWLN	,C3
QYWNBU	,C4
QYYSZV	,C2
QZAVEN	,C1
QZOIKS	,C2
QZPAFE	,C3
QZPEIP	,C2
QZQPNA	,C2
QZTZDA	,C5
QZVAKU	,C3
QZVUUX	,C4
QZWBJL	,C2
QZXMWB	,C3
RABPOF	,C2
RACIYV	,C2
RAKCFQ	,C2
RAKMWP	,C1
RAQJQI	,C2
RAZKSA	,C1
RBMCRZ	,C3
RBNWYK	,C2
RCGYFR	,C2
RCMGDG	,C5
RCOJUF	,C4
RCSNWD	,C3
RDFARX	,C2
RDGKBP	,C1
RDHNPI	,C2
RDWRAH	,C1
REALUR	,C4
RECIWV	,C2
RECRXR	,C2
REJDOP	,C4
REMDHR	,C4
REOOOG	,C2
RERGSB	,C3
RESCCJ	,C2
RESJGY	,C4
RESVEZ	,C1
RFECUP	,C5
RFNEVW	,C2
RFQTKH	,C2
RFSEZS	,C2
RGBDEX	,C1
RGGMQZ	,C4
RGHMPY	,C1
RGMGIL	,C2
RHOKNC	,C2
RHQIIV	,C2
RHUEOA	,C2
RHYYDV	,C2
RIDKBN	,C2
RIHLDR	,C3
RIPZVF	,C4
RJHZBX	,C3
RJJKGY	,C2
RJPOFN	,C2
RJVBZZ	,C2
RJVHZB	,C4
RJWSSH	,C4
RKCDLZ	,C2
RKGAGB	,C4
RKLRCT	,C3
RKWAAA	,C2
RKWKFD	,C2
RLCPYS	,C2
RLJTQS	,C3
RLLRIF	,C2
RLQNXD	,C5
RLSKZY	,C4
RLXDDR	,C2
RLYRYI	,C4
RLZVUR	,C5
RMNMQU	,C2
RMPBTT	,C2
RMSZVJ	,C2
RMWZFD	,C3
RNBVJW	,C2
RNDKZM	,C3
RNFZTN	,C2
RNKNSZ	,C3
RNULKN	,C4
ROLEFL	,C2
ROMCJD	,C2
RPEMEN	,C2
RPIIJW	,C4
RPJEOL	,C2
RQBFBI	,C4
RQGSDX	,C2
RQQFNO	,C4
RQRSEJ	,C2
RQVCMM	,C2
RQVRTD	,C2
RQYVEJ	,C4
RRDISI	,C2
RRHUEB	,C2
RROOIK	,C2
RRQLTI	,C4
RRUWUZ	,C2
RSAAZI	,C2
RSIDSQ	,C1
RSLVGQ	,C3
RSLWNN	,C2
RSPBXP	,C2
RSSTIQ	,C2
RSYMNT	,C2
RTASBL	,C1
RTFZCE	,C2
RTGEEA	,C1
RTGMNO	,C2
RTHPLZ	,C5
RTIXWJ	,C2
RTJQCK	,C3
RTMCRZ	,C2
RTWCYU	,C3
RTWTOY	,C1
RUATEJ	,C3
RUEIDW	,C2
RUEKNV	,C2
RULQDR	,C3
RUMUWS	,C2
RUOCZS	,C4
RUQORZ	,C1
RUZANF	,C2
RVCYWL	,C2
RVFSPH	,C2
RVOKYQ	,C2
RVWZAH	,C3
RVXOSW	,C2
RWAYWR	,C3
RWBVGT	,C1
RWISYN	,C2
RWKCTK	,C2
RWWQNC	,C4
RXIUEE	,C2
RXQBMH	,C3
RXRPXQ	,C2
RYCWJN	,C2
RYGTPD	,C3
RYHICS	,C3
RYRCRR	,C2
RZATPM	,C2
RZBMKJ	,C2
RZWKWK	,C2
SAFIIA	,C4
SALTYV	,C3
SAMIOF	,C3
SAQMRX	,C4
SASOSZ	,C2
SBAKJS	,C4
SBELEC	,C1
SBFWKO	,C4
SBNDIL	,C3
SBTQBY	,C1
SBXVJD	,C1
SCDTKD	,C2
SCJSTV	,C3
SCTDYV	,C4
SDHTFX	,C2
SDOPMT	,C2
SDQRGF	,C2
SDZGEQ	,C3
SECYGU	,C2
SEFDFJ	,C4
SEINEB	,C2
SEMHJV	,C2
SETICO	,C4
SEYHTC	,C2
SFAZVC	,C2
SFEZGJ	,C3
SFFELN	,C1
SFLBEI	,C2
SFLFKO	,C1
SFLYTS	,C1
SFWOZT	,C2
SGDFED	,C2
SGLXHJ	,C2
SGNHZR	,C4
SGNRUK	,C3
SGUPZT	,C4
SGXAWO	,C1
SGXMDG	,C4
SGXWPO	,C2
SHGKHC	,C2
SHJUAY	,C4
SHKLKY	,C2
SHOFOX	,C2
SHPQTP	,C2
SHQEKH	,C4
SHZTZU	,C2
SICUOM	,C2
SIDOZD	,C2
SIESXF	,C2
SIHLSE	,C3
SIIVZI	,C2
SIRMCD	,C3
SIULSZ	,C3
SIVYJV	,C2
SIXGFP	,C3
SJLZSI	,C3
SJMJMD	,C3
SJWNPA	,C3
SKDMDU	,C2
SKDXVC	,C2
SKHRJQ	,C2
SKZEHF	,C1
SLJCDX	,C3
SLZOMA	,C1
SMJVKQ	,C3
SMTQMR	,C2
SMXIFK	,C1
SNCJQT	,C3
SNFFEG	,C3
SNLNFD	,C2
SNLTTC	,C2
SNOJNO	,C3
SNWYBK	,C2
SOHVQX	,C2
SOJWKR	,C2
SOUJNY	,C3
SPCYYX	,C2
SPHRAL	,C4
SPJIOG	,C2
SPMGEW	,C2
SPORVD	,C1
SPRFWM	,C2
SPSTXU	,C2
SPZIZQ	,C4
SPZLUE	,C3
SQBODG	,C4
SQHKTR	,C3
SQJIOW	,C4
SRDNIL	,C2
SREVDF	,C3
SRHXPL	,C2
SRNXTA	,C4
SSETWK	,C2
SSWTMY	,C4
SSZBRA	,C3
STAQVY	,C2
STFWEM	,C1
STPBOR	,C3
STPZYH	,C2
STUCII	,C2
STUNHU	,C2
SUEFWJ	,C3
SURFWJ	,C1
SUWBBN	,C1
SUYFXX	,C3
SVLFMP	,C2
SVQRXM	,C2
SVQSDJ	,C2
SVZFSS	,C2
SWBXJT	,C2
SWJUFH	,C2
SWLEQD	,C3
SWNWAZ	,C2
SWRGIR	,C3
SWSAQC	,C4
SXCACK	,C3
SXFPJL	,C2
SXQPVA	,C4
SXQZEV	,C3
SXWOTD	,C2
SYAWEA	,C1
SYCGYM	,C3
SYIXLP	,C3
SYJCRT	,C4
SYKGVJ	,C2
SYPGGH	,C3
SYQBTG	,C3
SZAYXM	,C2
SZBZLX	,C3
SZHFXK	,C3
SZHYBH	,C2
SZVXLT	,C2
TAFEYX	,C2
TAHQWV	,C4
TAHVWU	,C1
TAJLEF	,C4
TAQNWG	,C3
TASMEI	,C3
TBGLLH	,C2
TBIWCZ	,C2
TBMVEJ	,C3
TBPJQY	,C4
TBRWOL	,C2
TBZCXS	,C2
TBZEQC	,C4
TBZYDT	,C4
TCFNSR	,C3
TCJSBN	,C2
TCORAB	,C3
TDAINF	,C1
TDEXXQ	,C2
TDKCGN	,C2
TDNPSN	,C2
TDPEZY	,C2
TDTMGN	,C2
TDYYNW	,C5
TEAMIU	,C5
TEFCFC	,C2
TEHTVK	,C4
TEYOON	,C2
TFOIIA	,C4
TFROAJ	,C2
TGDXIJ	,C1
TGPDSF	,C2
THFVEP	,C2
THMPMB	,C4
THSVTL	,C3
THTULB	,C4
THVAWM	,C2
TIADCD	,C2
TIDFZJ	,C2
TIDRSE	,C4
TIEDLP	,C2
TIKVBN	,C4
TIUQEN	,C2
TJEFTQ	,C2
TJFYTS	,C2
TJSHXV	,C2
TJVXSN	,C3
TKFLWE	,C2
TKQSVQ	,C2
TKUHLM	,C4
TKWAUA	,C4
TKWYXR	,C3
TLJIZL	,C5
TLMCZY	,C3
TLORCJ	,C2
TMBBYT	,C2
TMHNMW	,C2
TMIXJS	,C4
TMJPYC	,C4
TMJTCR	,C4
TMMXYW	,C2
TMTXEG	,C2
TNAELG	,C1
TNBCOX	,C2
TNJCUQ	,C4
TODJLQ	,C3
TOHEPG	,C2
TOKAJL	,C4
TOQDWB	,C1
TOTGQS	,C2
TOYUQG	,C2
TPKGGU	,C2
TPKZTY	,C4
TPNOVS	,C2
TPVLOF	,C4
TPWFTU	,C2
TPWZPK	,C1
TPZNUB	,C2
TQFZRD	,C3
TQMQNE	,C2
TQRSUL	,C4
TQTEXS	,C2
TRGZJP	,C2
TRHNLW	,C3
TRPTWS	,C2
TRUWZR	,C3
TSFONP	,C3
TSMADZ	,C2
TSVRQT	,C3
TSWBRR	,C2
TTGQIR	,C3
TTIPOF	,C2
TTJXWQ	,C3
TTPFDT	,C1
TTTXRC	,C2
TTUBZI	,C2
TTUSQP	,C3
TUMVIK	,C4
TUQZGO	,C3
TUVCFP	,C2
TVCEEY	,C3
TVLOGP	,C2
TVTPDK	,C1
TVTSWD	,C2
TWALWD	,C2
TWBSXB	,C2
TWFMDO	,C2
TWFVQD	,C1
TXERLE	,C3
TXJLTB	,C2
TXPBIZ	,C3
TXRRMF	,C3
TXTKBH	,C5
TXYYWH	,C3
TYETIB	,C2
TYJANN	,C2
TYMAYO	,C4
TYZHJS	,C2
TYZRZJ	,C3
TZCHGP	,C1
TZGPVN	,C2
TZLUKF	,C2
TZNONE	,C4
TZRHGG	,C2
UABVHM	,C3
UAXTYA	,C4
UAYKQO	,C2
UBIPBC	,C2
UBQCNO	,C3
UBTPOC	,C3
UCBDVM	,C2
UCEACQ	,C2
UCLGHM	,C4
UCMAAR	,C1
UCUMTA	,C1
UCXHPI	,C2
UCZSIY	,C2
UDANJY	,C3
UDBKXP	,C2
UDCNGP	,C2
UDFVYF	,C4
UDHBLR	,C2
UDLXUI	,C2
UDNIDC	,C3
UDNZGI	,C1
UDOGTR	,C4
UDUIDJ	,C2
UDVLZN	,C1
UDVMFP	,C3
UDZGAG	,C2
UEAUZR	,C2
UEHCBA	,C2
UELBEA	,C2
UEXOKP	,C2
UFSOBK	,C2
UGFUIZ	,C2
UGJEDL	,C3
UGMNXI	,C2
UGNUBG	,C4
UGONFL	,C1
UGWJJB	,C5
UHBBGO	,C3
UHCIDR	,C1
UHINOJ	,C1
UHYJWR	,C3
UHYWEA	,C2
UIGWWR	,C2
UIJLME	,C4
UIOSSA	,C2
UJGLQO	,C2
UJNOWV	,C2
UJQXYD	,C4
UJVKAJ	,C3
UKNQKY	,C2
UKWSIM	,C3
ULCDUB	,C1
ULDUWY	,C2
ULGRUN	,C3
ULPMQF	,C2
ULTCBF	,C3
ULYXCC	,C4
UMAUIP	,C2
UMOZWF	,C3
UMUAYP	,C2
UNJHXK	,C3
UNJTGJ	,C2
UNLXHD	,C2
UNYHQU	,C4
UOBJAT	,C2
UOCQJA	,C2
UODCPJ	,C2
UOEIXK	,C2
UOGHJC	,C2
UOUYGT	,C4
UOZPOF	,C2
UPCVXP	,C2
UPCXKW	,C4
UPVTAN	,C4
UPXQUJ	,C1
UQIACB	,C2
UQIVQJ	,C2
UQYLTX	,C2
URLYAL	,C2
URUSEP	,C2
URZUEH	,C2
USBMNC	,C3
USFIKI	,C2
USJSSF	,C2
UTFMBK	,C3
UTLIPO	,C3
UTQQKN	,C2
UTTUEK	,C4
UTWAGW	,C2
UTWCSC	,C2
UUARQX	,C3
UUJEPJ	,C3
UUQLRS	,C3
UVGEEJ	,C1
UVGQOC	,C2
UVHHUV	,C3
UVIPKU	,C3
UVRRAN	,C2
UVTFRP	,C4
UVXTXN	,C2
UWUJPR	,C1
UWVZHX	,C2
UYDLBU	,C5
UYHSIF	,C2
UYQQGA	,C1
UYRUFH	,C3
UYTGLE	,C2
UYVMGE	,C2
UZADLG	,C2
UZYXLP	,C2
VAQHFM	,C4
VAQSLU	,C3
VAYKAC	,C1
VBBIKM	,C2
VBFCDS	,C2
VBKLZZ	,C1
VBLIHI	,C4
VBQWEO	,C2
VBROMW	,C2
VBUOLW	,C4
VBVZDQ	,C4
VBWFMB	,C4
VCBVHZ	,C2
VCDEQS	,C2
VCKFBL	,C3
VCNTYL	,C2
VCPLMI	,C5
VCPVDO	,C3
VCQKXV	,C2
VCSYDD	,C2
VCUOBB	,C2
VCXKDF	,C3
VDEVOU	,C3
VDRJVN	,C3
VDUBFR	,C2
VEESDI	,C2
VEGZRO	,C1
VEUUAT	,C3
VEXCXL	,C4
VEYUQL	,C2
VFALDA	,C2
VFARHV	,C2
VFISLW	,C2
VGAFFY	,C2
VGCTDO	,C1
VGFMYX	,C2
VGKYPB	,C4
VGLQGZ	,C2
VGPNPV	,C3
VGPWMT	,C2
VHBQZD	,C4
VHHBNK	,C5
VHHEHN	,C3
VHJVMD	,C2
VHQXVT	,C3
VHTCJD	,C2
VIENXP	,C4
VIPWQB	,C4
VIVRHA	,C5
VJBREQ	,C2
VJIVAW	,C4
VJQTGC	,C2
VJSZEX	,C2
VJYMPS	,C2
VKJTNI	,C4
VKKWQG	,C2
VLEEKG	,C2
VLISLP	,C3
VLKNDN	,C1
VMFKAT	,C2
VMJHBQ	,C3
VMNAIV	,C3
VMOCRF	,C4
VMOGKN	,C2
VMRWUE	,C2
VMXQJT	,C1
VMYMWE	,C4
VNFXJZ	,C4
VNQDUK	,C2
VNSFZI	,C2
VOLBAC	,C2
VOQJJG	,C1
VOSNOB	,C2
VOUHTN	,C2
VPPJPY	,C2
VPUBMP	,C1
VPXYMD	,C2
VPYUMZ	,C1
VQAJOP	,C2
VQJIVS	,C3
VQPLUW	,C1
VQRZSF	,C2
VQUJGQ	,C2
VQYCDL	,C1
VQYYEJ	,C3
VRBTUG	,C1
VRCYCP	,C4
VRFKRP	,C4
VRGDXP	,C2
VRHQPH	,C4
VRIRCN	,C4
VRUZHB	,C4
VSDTFP	,C4
VSEPNS	,C4
VSGNWE	,C3
VSMNGC	,C3
VSOUHB	,C2
VSQMKM	,C3
VSQSKF	,C4
VTBJQH	,C2
VTBMVI	,C2
VTCPSZ	,C2
VTDAWL	,C3
VTDZGJ	,C2
VTEELD	,C4
VTHIYF	,C2
VTIOAD	,C4
VTQYRT	,C2
VTSBJO	,C2
VUKOVV	,C2
VULFNJ	,C3
VVIAZT	,C2
VVLUPL	,C2
VVRILL	,C2
VVRMYK	,C4
VVXNAR	,C3
VVYQGI	,C2
VVYQIZ	,C2
VWDUEK	,C2
VWGHUJ	,C2
VWKCBT	,C2
VWUPDP	,C4
VWYSSK	,C4
VXCDYM	,C2
VXDJEB	,C4
VXFYQS	,C1
VXFZJB	,C2
VXXOIR	,C5
VXXWFG	,C4
VXYSFE	,C3
VYFFFP	,C4
VYMOXT	,C4
VYMYKY	,C3
VYNURD	,C3
VYORXF	,C2
VYYEWQ	,C4
VZBXST	,C2
VZCNFG	,C2
VZNNZG	,C1
VZNYPD	,C2
VZVCQA	,C1
WAODHO	,C3
WAOFWS	,C3
WAQHLI	,C2
WASVTM	,C3
WAVFWD	,C3
WAXTNB	,C4
WBGVAF	,C2
WBNOHC	,C2
WBORDE	,C2
WBUDQY	,C5
WBZEMP	,C3
WCCLLS	,C2
WCIWHT	,C2
WCXUHP	,C4
WDEQAK	,C3
WDEUXO	,C2
WDFYHB	,C2
WDJKBO	,C2
WDLBOU	,C5
WDWERQ	,C2
WEWUDW	,C2
WEYYQK	,C3
WFAUSJ	,C2
WFBFSX	,C2
WFGLBP	,C3
WFHTWY	,C1
WFRTDC	,C4
WFSQXL	,C4
WFSXBU	,C2
WFWHAA	,C2
WFWYJO	,C4
WFZRWD	,C1
WGDUCD	,C2
WGPMYF	,C4
WGRKEK	,C2
WGVHJL	,C2
WGWVZD	,C2
WHDSLI	,C2
WHGDDL	,C2
WHGNAR	,C4
WHHMCL	,C2
WHTPBT	,C2
WICQIG	,C1
WIKHMA	,C2
WIYBUA	,C2
WJBPTS	,C2
WJEAMR	,C1
WJGXWY	,C3
WJKASA	,C4
WJPVLH	,C3
WJSATC	,C3
WJVNAD	,C2
WJYJIS	,C2
WKEHDS	,C2
WKFSMJ	,C5
WKHEVE	,C3
WKQPPT	,C2
WLBECY	,C4
WLCTES	,C2
WLDBFG	,C3
WLDKBW	,C2
WLFJNM	,C2
WLMSZO	,C2
WLOSHG	,C2
WLQLBV	,C1
WLRFNY	,C1
WLWCMS	,C1
WLYGUO	,C2
WMJXFU	,C4
WMNQUG	,C2
WNHUBT	,C3
WNOKDV	,C2
WNPOZY	,C2
WNVQJF	,C4
WOBXTE	,C2
WODHJV	,C3
WOEXWT	,C3
WONNCW	,C2
WONZQN	,C1
WOSZKW	,C2
WOVGUI	,C1
WOWXZQ	,C2
WOYYEM	,C3
WPEKFM	,C2
WPVJJY	,C2
WPWWYZ	,C2
WQLYBE	,C3
WQRDZG	,C3
WQSQSK	,C5
WQTRIB	,C3
WQULGU	,C1
WQZSCT	,C2
WRLGSQ	,C3
WRMFOP	,C3
WRQSWN	,C3
WRROSS	,C3
WRWIBZ	,C3
WRWZIS	,C4
WSADGM	,C2
WSFUHC	,C4
WSRREV	,C1
WTAVBP	,C2
WTBEHK	,C4
WTBTXI	,C2
WTEDEV	,C2
WTFIRX	,C3
WTHGBD	,C2
WTQXUB	,C4
WTXPLM	,C2
WUEYTD	,C2
WUJJVA	,C2
WUJYAH	,C4
WUUZTD	,C1
WVLQAX	,C1
WVNTFG	,C2
WWFBEL	,C2
WWQGGY	,C3
WWXMRJ	,C2
WWZKTS	,C2
WXCFBF	,C2
WXCQPC	,C1
WXGWLD	,C5
WXIOKC	,C3
WYFCSD	,C4
WYLGBY	,C3
WYYTHM	,C2
WZRJNO	,C4
WZSJZZ	,C3
WZUKME	,C2
WZWOLZ	,C3
XACZWD	,C2
XAFKDF	,C4
XAGLQQ	,C2
XAKQIO	,C1
XALUNX	,C3
XAMBJV	,C2
XANLTF	,C2
XAPJWP	,C4
XATFIG	,C3
XATMAR	,C1
XAYMRL	,C3
XBCQRH	,C4
XBOMNH	,C2
XBOUJR	,C3
XBPBJF	,C2
XBZFVN	,C2
XBZXWA	,C4
XCCCVF	,C4
XCNULH	,C2
XCOCVP	,C4
XCXOTZ	,C3
XCYQZE	,C5
XDDADH	,C2
XDNNSV	,C2
XDSDFK	,C4
XDYMOV	,C2
XENDPJ	,C1
XEOOGM	,C2
XEQERQ	,C4
XFEKKR	,C2
XFOVZU	,C1
XFSCLO	,C2
XFVPKO	,C4
XFVZBW	,C3
XFXZZW	,C4
XGEHSQ	,C3
XGONKK	,C2
XGPIAU	,C3
XGTVMP	,C3
XHEVSW	,C1
XHFSOJ	,C2
XHOLGU	,C4
XHPSJV	,C1
XHXFMZ	,C2
XIDQYK	,C3
XIOHDQ	,C4
XIRLMH	,C1
XIXRXC	,C2
XJIKWY	,C1
XJMAND	,C2
XJMPBX	,C2
XJOBWK	,C4
XJXXWX	,C2
XKACAB	,C3
XKANFM	,C2
XKJYWG	,C3
XLCZQJ	,C4
XLDTZN	,C1
XLGORO	,C3
XLKVZH	,C4
XLPDVD	,C4
XLWJDW	,C3
XLZOAG	,C3
XMNBGR	,C2
XMQWTC	,C2
XMTAMI	,C2
XMTLZM	,C3
XMUMVG	,C2
XMUZKD	,C3
XNEALD	,C3
XNHQMU	,C3
XNWPYP	,C2
XNYBCU	,C1
XOLEAQ	,C2
XOMXOD	,C1
XOZMOQ	,C3
XPFNHY	,C2
XPFXAE	,C3
XPGJUO	,C3
XPISID	,C3
XPITXL	,C2
XQIICH	,C2
XQLCGP	,C1
XQNIUZ	,C2
XQQNSN	,C3
XQYIWX	,C1
XREXNO	,C3
XRFZRN	,C3
XRGPGG	,C4
XRLJTD	,C2
XROACR	,C2
XRTBIX	,C2
XRXZPP	,C3
XSHFJT	,C2
XSNRPC	,C3
XSOCPE	,C2
XSQEBY	,C2
XSSBOO	,C4
XTCKEL	,C3
XTCSFC	,C2
XTMQML	,C4
XTNKUI	,C2
XTSGFB	,C2
XTTZKD	,C2
XTWIRV	,C2
XTWWFH	,C2
XUDIDO	,C2
XUGHPI	,C2
XUIZMR	,C3
XULKWG	,C3
XUNXCU	,C2
XUPCOA	,C3
XUPXHV	,C2
XUTJIR	,C1
XUTTFK	,C2
XUXCRG	,C2
XVBLAG	,C3
XVBYOA	,C2
XVEAII	,C3
XVXPMT	,C3
XXAJGY	,C2
XXASHU	,C2
XXCHRD	,C3
XXKKMO	,C4
XXPADG	,C3
XXROOQ	,C4
XXTXGX	,C5
XXXWBD	,C2
XXZFFK	,C5
XYCCBW	,C4
XYCMZC	,C2
XYCZTQ	,C2
XYDEAM	,C1
XYGPFB	,C1
XYMSZV	,C1
XYODKN	,C2
XYQNRO	,C2
XYVIBQ	,C4
XYXRKE	,C3
XZFNUC	,C1
XZVPVL	,C2
XZYBXE	,C3
XZYEMW	,C4
YAGFCE	,C2
YAINJP	,C2
YAMTGC	,C4
YATVIY	,C4
YBBBTV	,C3
YBFJGX	,C1
YBQPOE	,C3
YBZDLF	,C3
YCADBF	,C2
YCDQND	,C1
YCEZHE	,C4
YCILQN	,C4
YCIXSF	,C1
YCLJDP	,C2
YCOEAM	,C3
YCQHEE	,C3
YCQVGZ	,C2
YCTKUK	,C4
YCVEOC	,C2
YCYTDI	,C3
YCZZII	,C2
YDNUBI	,C3
YDRZJV	,C1
YDZJHH	,C3
YEHPPB	,C1
YEHSEZ	,C4
YEIGMF	,C2
YEPTAK	,C3
YEUDVE	,C2
YFAJWC	,C2
YFFBFV	,C3
YFGOKT	,C3
YFJOZN	,C4
YFKPVU	,C2
YFQDCR	,C2
YFRCJP	,C2
YFVZDT	,C3
YFXLJS	,C2
YGETHR	,C2
YGRXBM	,C2
YHBPMY	,C2
YHBQJO	,C2
YHDONO	,C2
YHNJQL	,C3
YHZEAS	,C2
YIDRGW	,C2
YIINOB	,C2
YIISIB	,C2
YINQKV	,C4
YISDPS	,C2
YJFBSN	,C4
YJSLWM	,C4
YKFRWF	,C2
YKMYIC	,C3
YKOABR	,C2
YKOBLJ	,C2
YKRDUO	,C2
YLCSVO	,C3
YLKOGN	,C2
YLNNMB	,C2
YLUMYS	,C2
YMGBHZ	,C1
YMLBZI	,C2
YOCUKF	,C1
YODGUP	,C2
YOEAED	,C2
YOHHMQ	,C1
YOMUOG	,C5
YOMZDO	,C4
YONMML	,C2
YOUSMS	,C2
YPNTJP	,C3
YPPKQV	,C2
YPTQUX	,C5
YPVTMW	,C4
YPZVSG	,C2
YQBIFL	,C2
YQEPIX	,C4
YQQRXO	,C3
YQRPYY	,C3
YQVAOQ	,C4
YQYCWS	,C2
YRBDCF	,C2
YRDXBI	,C2
YRPSLS	,C3
YRVBMN	,C3
YRYVWZ	,C4
YSIDIH	,C4
YSKKVB	,C2
YSPJOR	,C2
YSRFNP	,C4
YSZJFO	,C2
YTFWVW	,C4
YTJAHU	,C3
YTJMAW	,C4
YTOLCD	,C4
YTSKCK	,C1
YTTBUX	,C4
YUASZD	,C2
YUBMTA	,C2
YUJOPZ	,C2
YUMEPI	,C2
YUVBQJ	,C4
YUWDAM	,C2
YUWLKH	,C5
YVDOBA	,C3
YVNNLL	,C2
YVSEIY	,C2
YVTIFM	,C2
YVZGMM	,C2
YWXHAD	,C3
YXCEHU	,C2
YXGHFN	,C4
YXVRRM	,C2
YYGJYX	,C2
YYJMGS	,C3
YYQETT	,C3
YYQMOQ	,C3
YYXDLU	,C3
YZFVUJ	,C3
YZKCNZ	,C4
YZNIZZ	,C1
YZOPET	,C3
YZRUTL	,C3
YZZHOS	,C3
ZADIIE	,C2
ZAXMYF	,C2
ZBFDCW	,C5
ZBGSZM	,C3
ZBXUBF	,C2
ZCMMLF	,C2
ZCVIXT	,C2
ZDFMPI	,C2
ZDRRFG	,C4
ZDSIJZ	,C2
ZDVLJW	,C3
ZEFYBD	,C3
ZEIQVK	,C2
ZEKBWT	,C3
ZEQHPU	,C2
ZEZRQN	,C2
ZFBETI	,C5
ZFFBOA	,C4
ZFQBYF	,C1
ZFUNBY	,C3
ZFYUTE	,C2
ZGFSFQ	,C4
ZGGJNG	,C3
ZGGPPP	,C2
ZGOYIN	,C4
ZGPPEK	,C2
ZGXHTL	,C2
ZHHVAJ	,C2
ZHQJZM	,C2
ZHWPDU	,C2
ZIBHYR	,C4
ZIGEMW	,C2
ZIGVTD	,C3
ZIOCVP	,C2
ZIOFIC	,C2
ZIQOKC	,C2
ZITBQA	,C4
ZITMAA	,C3
ZIWSMA	,C3
ZKBATA	,C2
ZKCFHH	,C3
ZKHLKL	,C2
ZKILKB	,C3
ZLGDWR	,C2
ZLKYNE	,C3
ZLLWAC	,C3
ZLPMMZ	,C2
ZLQKRV	,C2
ZLUCPE	,C2
ZLVQZI	,C3
ZMEWKF	,C2
ZMPDWG	,C4
ZMSLAK	,C4
ZMXQFH	,C2
ZNBDEL	,C3
ZNCJMO	,C3
ZNDMNP	,C3
ZNEKMP	,C3
ZNFNOR	,C3
ZNFNXT	,C3
ZNFZRP	,C2
ZOBASP	,C2
ZONSVR	,C1
ZOTXES	,C2
ZOVEPD	,C3
ZPALXC	,C3
ZPEMJV	,C2
ZPEPIT	,C3
ZPGEWU	,C2
ZPKOZP	,C2
ZPNJZN	,C2
ZQHXGP	,C3
ZQIBJN	,C2
ZQKMAD	,C4
ZQOVHP	,C3
ZQQZUB	,C3
ZQZJXO	,C1
ZRJIWX	,C4
ZRSGWA	,C3
ZRUOBZ	,C5
ZRUTBS	,C4
ZSBMDL	,C2
ZSFHDB	,C2
ZSQVRC	,C3
ZTBYSD	,C4
ZTERMN	,C2
ZTGNLM	,C3
ZTTNDQ	,C2
ZTTRLH	,C2
ZUCQTH	,C4
ZUCSVB	,C3
ZULICO	,C2
ZUOCNT	,C2
ZURBHX	,C2
ZUSERR	,C2
ZUTRZL	,C3
ZUVICQ	,C3
ZVCWXS	,C1
ZVIWBY	,C2
ZVJWXM	,C2
ZVRCLY	,C4
ZVRPEP	,C2
ZVTEOC	,C3
ZVTOGF	,C4
ZVUPLM	,C4
ZVXJRV	,C2
ZVZRSW	,C3
ZWJMRJ	,C2
ZWRVTU	,C4
ZXBNRG	,C4
ZXCWFK	,C1
ZXIYBR	,C2
ZXYOBQ	,C2
ZYAGVZ	,C4
ZYESPK	,C1
ZYNOMB	,C2
ZYUYNC	,C1
